#include "Game/EffectTable.h"

// Generated by tools/extract_frame_data.py from the game's own .pat and HA6 files.
// Do not edit by hand.

namespace {

struct Row
{
	unsigned short pattern;
	const char* code;
	const char* name;
	const char* spawnedBy;
	const unsigned char* entries;
	unsigned char count;
};

const unsigned char kEntries000_0[] = { 251 };
const unsigned char kEntries000_1[] = { 251, 253 };
const unsigned char kEntries000_2[] = { 252 };

const Row kEffects000[] = {
	{ 2, "", "\xe7\xab\x8b\xe3\x81\xa1\xe4\xb8\xad\xe6\x94\xbb\xe6\x92\x83", "", kEntries000_0, 1 },
	{ 71, "", "\x32\x33\x36\x45\x58\xe3\x81\xae\xe5\xbc\xbe\xe8\xa6\x8b\xe3\x81\x9f\xe7\x9b\xae", "FB_236EX", nullptr, 0 },
	{ 75, "", "\x32\x33\x36\x41\x42\xe5\xbc\xbe\xe8\xa6\x8b\xe3\x81\x9f\xe7\x9b\xae", "FB_236", nullptr, 0 },
	{ 76, "", "\xe3\x82\xaa\xe3\x83\x93\xe3\x82\xb9\xe3\x82\xa3\xe3\x83\xb3\xe3\x82\xb0", "236A, 236B, 236EX", nullptr, 0 },
	{ 77, "", "\xe3\x82\xb9\xe3\x82\xb1\xe3\x82\xa2\xe6\x8c\x81\xe3\x81\xa1\xe6\x9b\xbf\xe3\x81\x88\xe5\x8d\x8d\x20\x61", "0202A, 0202B, 0202EX", kEntries000_0, 1 },
	{ 79, "", "\x33\x43\xe6\x8c\x81\xe3\x81\xa1\xe6\x9b\xbf\xe3\x81\x88\xe5\x8d\x8d", "3C", kEntries000_0, 1 },
	{ 81, "", "\x36\x42\xe4\xb8\x80\xe6\xae\xb5\xe7\x9b\xae", "6B", kEntries000_0, 1 },
	{ 82, "", "\xe3\x83\x96\xe3\x83\xac\xe3\x83\xbc\xe3\x83\x89\x30\x30\x37\x20\x31", "6B", kEntries000_0, 1 },
	{ 83, "", "\xe3\x83\x96\xe3\x83\xac\xe3\x83\xbc\xe3\x83\x89\x33\x30\x35", "236_236B", kEntries000_0, 1 },
	{ 85, "", "\x32\x30\x31\xe3\x83\x96\xe3\x83\xac\xe3\x83\xbc\xe3\x83\x89", "", kEntries000_0, 1 },
	{ 86, "", "\xe3\x83\x96\xe3\x83\xac\xe3\x83\xbc\xe3\x83\x89\x32\x30\x34", "", kEntries000_0, 1 },
	{ 87, "", "\xe3\x83\x96\xe3\x83\xac\xe3\x83\xbc\xe3\x83\x89\x32\x30\x32", "J6C", kEntries000_1, 2 },
	{ 88, "BL003", "\xe3\x83\x96\xe3\x83\xac\xe3\x83\xbc\xe3\x83\x89\x30\x30\x33", "", kEntries000_0, 1 },
	{ 89, "BL004", "\xe7\xab\x8b\xe3\x81\xa1\x43\xe3\x83\x96\xe3\x83\xac\xe3\x83\xbc\xe3\x83\x89", "StdC_End", kEntries000_2, 1 },
	{ 90, "", "\xe3\x83\x96\xe3\x83\xac\xe3\x83\xbc\xe3\x83\x89\x32\x31\x30", "AirC_End", nullptr, 0 },
	{ 91, "BL103", "\xe3\x83\x96\xe3\x83\xac\xe3\x83\xbc\xe3\x83\x89\x31\x30\x33\x20\x2b\x31\x32", "3C", kEntries000_0, 1 },
	{ 93, "", "\xe3\x83\x96\xe3\x83\xac\xe3\x83\xbc\xe3\x83\x89\x30\x30\x36", "", kEntries000_0, 1 },
	{ 95, "", "\xe3\x83\x96\xe3\x83\xac\xe3\x83\xbc\xe3\x83\x89\x30\x30\x36", "", kEntries000_0, 1 },
	{ 98, "BL005", "\xe3\x83\x96\xe3\x83\xac\xe3\x83\xbc\xe3\x83\x89\x30\x30\x35", "", kEntries000_0, 1 },
	{ 99, "BL106", "\xe3\x83\x96\xe3\x83\xac\xe3\x83\xbc\xe3\x83\x89\x31\x30\x36\x20\x2b\x31\x32", "", kEntries000_0, 1 },
	{ 101, "", "900", "", nullptr, 0 },
	{ 102, "", "\x39\x35\x30\xe3\x83\x96\xe3\x83\xac\xe3\x83\xbc\xe3\x83\x89", "", kEntries000_0, 1 },
	{ 103, "", "901", "", nullptr, 0 },
	{ 104, "", "\xe7\x9b\xb4\xe7\xb7\x9a\xe7\xb3\xbb\xe6\xb1\x8e\xe7\x94\xa8", "3B", kEntries000_0, 1 },
	{ 106, "", "\xe3\x83\x96\xe3\x83\xac\xe3\x83\xbc\xe3\x83\x89\xe5\x9c\xb0\xe4\xb8\x8a\x33\x32\x30\x5f\x61", "623A, 623B, 623EX", kEntries000_0, 1 },
	{ 110, "", "350 1", "214A, 214B, 214EX_JHit, SSRelayAtk", nullptr, 0 },
	{ 111, "", "350 2", "214A, 214B, 214EX_JHit", nullptr, 0 },
	{ 114, "", "\xe3\x83\x96\xe3\x83\xac\xe3\x83\xbc\xe3\x83\x89\x32\x31\x30\x5f\x73\x70", "214A, 214B, 214EX_JHit, SSRelayAtk", nullptr, 0 },
	{ 115, "", "\x30\x32\x30\x32\xe3\x83\x96\xe3\x83\xac\xe3\x83\xbc\xe3\x83\x89", "0202A, 0202B, 0202EX", nullptr, 0 },
	{ 117, "", "\x32\x32\x41\x6f\x72\x42\x20\xe3\x82\xa8\xe3\x83\x95\xe3\x82\xa7\xe3\x82\xaf\xe3\x83\x88", "FB_0202", nullptr, 0 },
	{ 119, "", "\xe3\x82\xb9\xe3\x82\xb1\xe3\x82\xa2\xe5\x9c\xb0\xe9\x9d\xa2\xe3\x81\xae\xe3\x81\x93\xe3\x82\x8a", "0202A, 0202B, 0202EX", nullptr, 0 },
	{ 120, "", "320 00", "41236EX", kEntries000_0, 1 },
	{ 122, "", "320 20", "41236EX", kEntries000_0, 1 },
	{ 125, "", "\x33\x32\x30\x20\xe5\x9c\xb0\xe9\x9d\xa2\xe3\x81\x8b\xe3\x82\x89", "41236EX_Tama", kEntries000_0, 1 },
	{ 128, "", "\x4a\x32\x33\x36\xe3\x83\x96\xe3\x83\xac\xe3\x83\xbc\xe3\x83\x89\xe4\xbb\xae", "J236A, J236B", nullptr, 0 },
	{ 130, "", "\x32\x32\x45\x58\x20\xe5\xb0\x8f", "FB_0202EX1", nullptr, 0 },
	{ 131, "", "\x32\x32\x45\x58\x20\xe4\xb8\xad", "FB_0202EX2", nullptr, 0 },
	{ 132, "", "\x32\x32\x45\x58\x20\xe5\xa4\xa7", "FB_0202EX3", nullptr, 0 },
	{ 142, "", "\x32\x31\x34\xe6\x94\xbb\xe3\x81\xae\xe6\xae\x8b\xe5\x83\x8f", "", nullptr, 0 },
	{ 143, "", "\x32\x31\x34\xe6\x94\xbb\xe3\x81\xae\xe6\xae\x8b\xe5\x83\x8f", "", nullptr, 0 },
	{ 144, "", "\x32\x31\x34\xe6\x94\xbb\xe3\x81\xae\xe6\xae\x8b\xe5\x83\x8f", "", nullptr, 0 },
	{ 148, "", "\xe5\xbc\x95\xe3\x81\x8d\xe5\xaf\x84\xe3\x81\x9b\xe8\xa6\xaa\xe3\x80\x80\xe5\xbc\xb1", "J236A, J236B, J236EX", nullptr, 0 },
	{ 155, "", "\xe5\x89\xa3\xe3\x81\xab\xe5\x87\xba\xe3\x82\x8b\xe3\x82\xa8\xe3\x83\x95\xe3\x82\xa7\xe3\x82\xaf\xe3\x83\x88", "236_236A, 236_236EX, J236A, J236B, J236EX", nullptr, 0 },
	{ 157, "", "\xe3\x80\x80\xef\xbc\x89\xef\xbc\x89\xe3\x82\xa8\xe3\x83\x95\xe3\x82\xa7\xe3\x82\xaf\xe3\x83\x88", "FB_236_236A, 236TamaBakuhaEXPre, FB_236_236EX, FB_J236", nullptr, 0 },
	{ 175, "", "\xe3\x80\x80\xe7\xb5\x82\xe4\xba\x86", "FB_236EX", nullptr, 0 },
	{ 201, "", "\xe9\x9b\x86\xe4\xb8\xad\xe3\x82\xa8\xe3\x83\x95\xe3\x82\xa7\xe3\x82\xaf\xe3\x83\x88", "41236SP", nullptr, 0 },
	{ 204, "", "\xe5\x8f\xb0\xe9\xa2\xa8", "IW_AtkRect", nullptr, 0 },
	{ 205, "", "\xe8\x90\xbd\xe9\x9b\xb7", "IW_AtkRect", nullptr, 0 },
	{ 206, "", "\xe3\x82\xa4\xe3\x83\xb3\xe3\x82\xb9\xe6\x89\x8b\xe5\x89\x8d", "IW_AtkRect", nullptr, 0 },
	{ 207, "", "\xe3\x82\xa4\xe3\x83\xb3\xe3\x82\xb9\xe5\xa5\xa5", "IW_AtkRect", nullptr, 0 },
	{ 216, "", "", "", kEntries000_0, 1 },
	{ 217, "", "", "", kEntries000_0, 1 },
	{ 224, "", "", "V_B+C, B+C", kEntries000_1, 2 },
	{ 225, "", "", "V_B+C, B+C", kEntries000_1, 2 },
	{ 243, "", "\x4a\x32\x43\xe3\x83\x96\xe3\x83\xac\xe3\x83\xbc\xe3\x83\x89\x32", "", nullptr, 0 },
	{ 244, "", "", "J2C", nullptr, 0 },
	{ 363, "", "", "391ef_b", nullptr, 0 },
	{ 386, "", "\xe9\x81\xa9\xe5\xbd\x93\xe3\x81\xab\xe3\x81\x8a\xe3\x81\x84\xe3\x81\xa6\xe3\x81\x84\xe3\x81\x8f", "FB_CroBandC2, FB_CroBandC3", nullptr, 0 },
	{ 387, "", "\xe9\x81\xa9\xe5\xbd\x93\xe3\x81\xab\xe3\x81\x8a\xe3\x81\x84\xe3\x81\xa6\xe3\x81\x84\xe3\x81\x8f", "FB_CroBandC3", nullptr, 0 },
	{ 392, "", "\x34\x32\x31\xe9\xa3\x9b\xe3\x81\xb3\xe9\x81\x93\xe5\x85\xb7\xe8\xa6\x8b\xe3\x81\x9f\xe7\x9b\xae\xe6\xb6\x88\xe6\xbb\x85", "FB_CroBandC2, FB_CroBandC3", nullptr, 0 },
};

const unsigned char kEntries001_0[] = { 251 };
const unsigned char kEntries001_1[] = { 251, 253 };
const unsigned char kEntries001_2[] = { 253 };
const unsigned char kEntries001_3[] = { 249 };
const unsigned char kEntries001_4[] = { 250 };
const unsigned char kEntries001_5[] = { 252, 253 };
const unsigned char kEntries001_6[] = { 250, 251 };
const unsigned char kEntries001_7[] = { 249, 251 };
const unsigned char kEntries001_8[] = { 250, 253 };

const Row kEffects001[] = {
	{ 74, "", "\xe9\x80\x9a\xe5\xb8\xb8\xe6\x8a\x95\xe3\x81\x92\xe3\x82\xa8\xe3\x83\x95\xe3\x82\xa7\xe3\x82\xaf\xe3\x83\x88", "", kEntries001_0, 1 },
	{ 75, "", "\xe9\x80\x9a\xe5\xb8\xb8\xe6\x8a\x95\xe3\x81\x92\xe3\x83\x93\xe3\x83\xaa\xe3\x83\x93\xe3\x83\xaa", "", kEntries001_0, 1 },
	{ 81, "", "\x30\x30\x31\xe3\x83\x96\xe3\x83\xac\xe3\x83\xbc\xe3\x83\x89", "", kEntries001_0, 1 },
	{ 82, "", "\x30\x30\x32\xe3\x83\x96\xe3\x83\xac\xe3\x83\xbc\xe3\x83\x89", "6B", kEntries001_0, 1 },
	{ 84, "", "\x31\x30\x31\xe3\x83\x96\xe3\x83\xac\xe3\x83\xbc\xe3\x83\x89", "", kEntries001_1, 2 },
	{ 85, "", "\x32\x41\x5f\x32\x41\xe3\x83\x96\xe3\x83\xac\xe3\x83\xbc\xe3\x83\x89", "", kEntries001_2, 1 },
	{ 88, "", "\x32\x30\x31\xe3\x83\x96\xe3\x83\xac\xe3\x83\xbc\xe3\x83\x89", "", kEntries001_0, 1 },
	{ 89, "", "\x32\x30\x33\xe3\x83\x96\xe3\x83\xac\xe3\x83\xbc\xe3\x83\x89", "", kEntries001_3, 1 },
	{ 90, "", "\x32\x30\x34\xe3\x83\x96\xe3\x83\xac\xe3\x83\xbc\xe3\x83\x89\xe6\x8b\xa1\xe5\xa4\xa7", "J6B", kEntries001_4, 1 },
	{ 91, "", "\x32\x30\x34\xe3\x83\x96\xe3\x83\xac\xe3\x83\xbc\xe3\x83\x89", "J6B, B+C_Add_Hit", kEntries001_4, 1 },
	{ 92, "", "\x32\x30\x35\xe3\x83\x96\xe3\x83\xac\xe3\x83\xbc\xe3\x83\x89", "B+C_Add_Hit", kEntries001_2, 1 },
	{ 93, "", "\x31\x30\x35\xe3\x83\x96\xe3\x83\xac\xe3\x83\xbc\xe3\x83\x89", "", kEntries001_2, 1 },
	{ 94, "", "\x30\x30\x38\xe3\x83\x96\xe3\x83\xac\xe3\x83\xbc\xe3\x83\x89", "", kEntries001_0, 1 },
	{ 96, "", "\x30\x30\x33\xe3\x83\x96\xe3\x83\xac\xe3\x83\xbc\xe3\x83\x89", "", kEntries001_0, 1 },
	{ 97, "", "\x31\x30\x33\xe3\x83\x96\xe3\x83\xac\xe3\x83\xbc\xe3\x83\x89\x31\x30\x33", "", kEntries001_2, 1 },
	{ 103, "", "\x33\x30\x32\xe3\x83\x96\xe3\x83\xac\xe3\x83\xbc\xe3\x83\x89\xef\xbc\x91", "623A, 623B, 623EX", kEntries001_5, 2 },
	{ 104, "", "\x33\x30\x32\xe3\x83\x96\xe3\x83\xac\xe3\x83\xbc\xe3\x83\x89\xef\xbc\x92", "623B, 623EX, 623EX_Hit", kEntries001_4, 1 },
	{ 109, "", "", "", kEntries001_6, 2 },
	{ 111, "", "", "", kEntries001_2, 1 },
	{ 135, "", "\x33\x30\x34\x5f\x61\xe3\x83\x96\xe3\x83\xac\xe3\x83\xbc\xe3\x83\x89", "6C", kEntries001_6, 2 },
	{ 136, "", "304_b", "6C_6C", kEntries001_7, 2 },
	{ 137, "", "304_c", "6C_6C_6C", kEntries001_8, 2 },
	{ 155, "", "\xe3\x81\x95\xe3\x81\x91\xe6\x88\x90\xe5\x8a\x9f\xe5\x85\x89", "SakeDummy", nullptr, 0 },
	{ 157, "", "\xe3\x81\x95\xe3\x81\x91\xe6\x94\xbb\xe6\x92\x83\xe3\x81\x86\xe3\x81\xa1\xe3\x81\x82\xe3\x81\x92\xe3\x83\x96\xe3\x83\xa9\xe3\x83\xbc", "B+C_Add, B+C_Add_Hit", nullptr, 0 },
	{ 161, "", "\xe6\xae\x8b\xe5\x83\x8f", "B+C_Add_Hit", kEntries001_0, 1 },
	{ 162, "", "\xe6\xae\x8b\xe5\x83\x8f", "B+C_Add_Hit", kEntries001_2, 1 },
	{ 163, "", "\xe6\xae\x8b\xe5\x83\x8f", "B+C_Add_Hit", nullptr, 0 },
	{ 166, "", "\xe6\x89\x93\xe3\x81\xa1\xe4\xb8\x8a\xe3\x81\x92\xe3\x83\x80\xe3\x83\x9f\xe3\x83\xbc\xe3\x83\x96\xe3\x83\xa9\xe3\x83\xbc\xef\xbc\x91\xef\xbc\x92", "", nullptr, 0 },
	{ 168, "", "\xe5\x8f\xa9\xe3\x81\x8d\xe3\x81\xa4\xe3\x81\x91\xe3\x83\x80\xe3\x83\x9f\xe3\x83\xbc\xe3\x83\x96\xe3\x83\xa9\xe3\x83\xbc", "", nullptr, 0 },
	{ 169, "", "", "B+C_Add_Hit", nullptr, 0 },
	{ 179, "", "\xe6\xae\x8b\xe5\x83\x8f\xe3\x83\x96\xe3\x83\xa9\xe3\x83\xbc", "63214B_Faint", nullptr, 0 },
	{ 186, "", "\xe5\xbf\x85\xe6\xae\xba\xe4\xb8\xad\xe6\xae\xb5\xe3\x83\x96\xe3\x83\xac\xe3\x83\xbc\xe3\x83\x89", "63214A, 63214B", nullptr, 0 },
	{ 187, "", "\xe5\xbf\x85\xe6\xae\xba\xe4\xb8\xad\xe6\xae\xb5\xe3\x83\x96\xe3\x83\xac\xe3\x83\xbc\xe3\x83\x89\x45\x58", "63214EX", nullptr, 0 },
	{ 192, "", "", "", kEntries001_3, 1 },
	{ 205, "", "\x4a\x32\x31\x34\xe5\x8f\xa9\xe3\x81\x8d\xe3\x81\xa4\xe3\x81\x91\xe3\x83\x96\xe3\x83\xac\xe3\x83\xbc\xe3\x83\x89", "J63214A, J63214B, J63214EX, SSRelayAtk", kEntries001_8, 2 },
	{ 206, "", "", "", kEntries001_2, 1 },
	{ 224, "", "\x33\x30\x30\x5f\x61\xe3\x83\x96\xe3\x83\xac\xe3\x83\xbc\xe3\x83\x89\xe4\xb8\x80\xe6\xae\xb5\xe7\x9b\xae\xe3\x81\x9d\xe3\x81\xae\xef\xbc\x92", "B+C_Add_Hit, 214B", kEntries001_4, 1 },
	{ 225, "", "\x33\x30\x30\x5f\x62\xe3\x83\x96\xe3\x83\xac\xe3\x83\xbc\xe3\x83\x89\xef\xbc\x91\xe6\xae\xb5\xe7\x9b\xae", "214A", kEntries001_8, 2 },
	{ 226, "", "\x33\x30\x30\x5f\x63\xe3\x83\x96\xe3\x83\xac\xe3\x83\xbc\xe3\x83\x89", "214A, 214B", kEntries001_1, 2 },
	{ 227, "", "\x30\x30\x31\xe3\x83\x96\xe3\x83\xac\xe3\x83\xbc\xe3\x83\x89", "214_AddA", kEntries001_0, 1 },
	{ 228, "", "\x33\x30\x30\x5f\x64\xe3\x83\x96\xe3\x83\xac\xe3\x83\xbc\xe3\x83\x89", "214_AddA", kEntries001_2, 1 },
	{ 233, "", "\x33\x30\x30\x5f\x66\xe3\x83\x96\xe3\x83\xac\xe3\x83\xbc\xe3\x83\x89", "214EX_Hit, 214_AddC", kEntries001_3, 1 },
	{ 234, "", "\x33\x30\x30\x5f\x61\xe3\x83\x96\xe3\x83\xac\xe3\x83\xbc\xe3\x83\x89\xe4\xb8\x80\xe6\xae\xb5\xe7\x9b\xae\xe3\x81\x9d\xe3\x81\xae\xef\xbc\x92", "214EX", kEntries001_4, 1 },
	{ 236, "", "\x33\x30\x30\x5f\x63\xe3\x83\x96\xe3\x83\xac\xe3\x83\xbc\xe3\x83\x89", "214EX, 214EX_Hit", kEntries001_1, 2 },
	{ 237, "", "\x30\x30\x31\xe3\x83\x96\xe3\x83\xac\xe3\x83\xbc\xe3\x83\x89", "214EX, 214EX_Hit, 214_AddB, 214_AddC", kEntries001_0, 1 },
	{ 238, "", "\x33\x30\x30\x5f\x64\xe3\x83\x96\xe3\x83\xac\xe3\x83\xbc\xe3\x83\x89", "214EX, 214EX_Hit, 214_AddB, 214_AddC", kEntries001_2, 1 },
	{ 239, "", "\x33\x30\x30\x5f\x65\xe3\x83\x96\xe3\x83\xac\xe3\x83\xbc\xe3\x83\x89", "214EX, 214EX_Hit, 214_AddB, 214_AddC", kEntries001_2, 1 },
	{ 280, "391BL1", "", "IWEXIST_Hit", nullptr, 0 },
	{ 281, "391BL2", "", "IWEXIST_Hit", nullptr, 0 },
	{ 282, "391BL3", "", "IWEXIST_Hit", nullptr, 0 },
	{ 283, "391BL4", "", "IWEXIST_Hit", nullptr, 0 },
	{ 286, "", "", "IE_BigDummy", nullptr, 0 },
	{ 287, "", "", "IE_BigDummy", nullptr, 0 },
	{ 288, "", "\xe6\xae\x8b\xe5\x83\x8f\xe7\x94\x9f\xe6\x88\x90", "IWEXIST_Hit", nullptr, 0 },
	{ 289, "", "\xe6\xae\x8b\xe5\x83\x8f", "", nullptr, 0 },
	{ 405, "", "\xe3\x83\x80\xe3\x83\x83\xe3\x82\xb7\xe3\x83\xa5\x42", "", kEntries001_0, 1 },
	{ 430, "", "\x33\x31\x30\xe6\x9c\xac\xe4\xbd\x93\xe3\x83\x96\xe3\x83\xac\xe3\x83\xbc\xe3\x83\x89", "236A, 236B, 236EX", nullptr, 0 },
	{ 431, "", "\x33\x32\x30\xe6\x9c\xac\xe4\xbd\x93\xe3\x83\x96\xe3\x83\xac\xe3\x83\xbc\xe3\x83\x89", "J236A, J236B, J236EX", nullptr, 0 },
	{ 432, "", "\x33\x32\x30\xe6\x9c\xac\xe4\xbd\x93\xe3\x83\x96\xe3\x83\xac\xe3\x83\xbc\xe3\x83\x89", "236B", nullptr, 0 },
	{ 447, "", "\x69\x4a\x32\x33\x36\x42\xe3\x83\x96\xe3\x83\xac\xe3\x83\xbc\xe3\x83\x89", "J236B", nullptr, 0 },
	{ 473, "", "\xe3\x83\x96\xe3\x83\xac\xe3\x83\xbc\xe3\x83\x89", "SSRelayAtk, 0606B+C", nullptr, 0 },
	{ 475, "", "\xe3\x83\xaf\xe3\x83\xbc\xe3\x83\x97\xe9\x96\x8b\xe5\xa7\x8b\xe3\x83\xbb\xe7\xb5\x82\xe4\xba\x86\xe3\x83\x96\xe3\x83\xa9\xe3\x83\xbc", "CancelDashAtkBC", nullptr, 0 },
	{ 477, "", "\x33\x33\x30\x20\xe3\x83\x96\xe3\x83\xac\xe3\x83\xbc\xe3\x83\x89\x41", "CancelDashAtkBC", nullptr, 0 },
};

const unsigned char kEntries002_0[] = { 253, 254 };
const unsigned char kEntries002_1[] = { 252, 255 };
const unsigned char kEntries002_2[] = { 255 };
const unsigned char kEntries002_3[] = { 251 };
const unsigned char kEntries002_4[] = { 251, 252 };
const unsigned char kEntries002_5[] = { 254 };
const unsigned char kEntries002_6[] = { 251, 255 };
const unsigned char kEntries002_7[] = { 252 };

const Row kEffects002[] = {
	{ 71, "", "\xe7\x99\xbb\xe5\xa0\xb4\xe6\x99\x82\xe3\x81\xae\xe3\x83\x80\xe3\x83\x9f\xe3\x83\xbc", "", nullptr, 0 },
	{ 74, "", "\x4a\x32\x31\x34\xe5\x8f\xa9\xe3\x81\x8d\xe3\x81\xa4\xe3\x81\x91\xe3\x82\xad\xe3\x83\xa3\xe3\x83\x83\xe3\x83\x81\xe3\x83\x91\xe3\x83\xbc\xe3\x83\xa0", "J214_Hit, J214N_Hit, J214EX_Hit, 214EX_Hit", nullptr, 0 },
	{ 75, "", "\x4a\x32\x31\x34\xe3\x82\xad\xe3\x83\xa3\xe3\x83\x83\xe3\x83\x81\xe3\x83\x91\xe3\x83\xbc\xe3\x83\xa0", "J214_Hit, J214N_Hit, J214EX_Hit", nullptr, 0 },
	{ 76, "", "\x32\x30\x33\xe5\xb0\x8f", "AirC_End", kEntries002_0, 2 },
	{ 77, "", "301BLa", "3C", nullptr, 0 },
	{ 78, "", "301BLb", "3C", nullptr, 0 },
	{ 79, "", "004", "4B, 0202B_End, 0202A, 0202B, 0202EX, SSRelayAtk", kEntries002_1, 2 },
	{ 80, "", "007", "StdC_End", kEntries002_2, 1 },
	{ 81, "", "002", "", kEntries002_3, 1 },
	{ 82, "", "003", "", kEntries002_4, 2 },
	{ 83, "", "005", "6C_Hit", nullptr, 0 },
	{ 84, "", "103", "", kEntries002_5, 1 },
	{ 85, "", "006", "6C", kEntries002_6, 2 },
	{ 86, "", "101", "", kEntries002_0, 2 },
	{ 88, "", "201", "", kEntries002_0, 2 },
	{ 91, "", "380a", "623A, 623B, 623EX", kEntries002_3, 1 },
	{ 93, "", "380b", "623A, 623B, 623EX", kEntries002_3, 1 },
	{ 94, "", "\x36\x43\xe7\x94\xa8", "6C", kEntries002_0, 2 },
	{ 95, "", "380c", "623A, 623B, 623EX, SSRelayAtk", nullptr, 0 },
	{ 97, "", "380d", "236_Add, 623EX", nullptr, 0 },
	{ 102, "", "\x33\x32\x30\x5f\xe5\xbe\x8c\xe5\x8d\x8a", "236A, 236B, 236EX", nullptr, 0 },
	{ 103, "", "\x33\x32\x30\x5f\xe5\x89\x8d\xe5\x8d\x8a", "", nullptr, 0 },
	{ 104, "", "\xe3\x83\xaf\xe3\x83\xbc\xe3\x82\xb9\xe3\x81\xae\xe3\x83\x91\xe3\x83\xbc\xe3\x83\xb3", "", nullptr, 0 },
	{ 178, "", "\xe3\x83\x90\xe3\x83\xbc\xe3\x83\x8b\xe3\x83\xb3\xe3\x82\xb0\xe3\x83\xaf\xe3\x83\xac\xe3\x83\xb3", "", nullptr, 0 },
	{ 179, "", "\xe7\x88\x86\xe7\x99\xba\xe8\xaa\xad\xe3\x81\xbf", "", nullptr, 0 },
	{ 183, "", "", "IWEXIST_Hit", nullptr, 0 },
	{ 188, "", "\xe3\x83\xaf\xe3\x83\xbc\xe3\x82\xb9\xe3\x81\xae\xe3\x83\x91\xe3\x83\xbc\xe3\x83\xb3", "IWEXIST_Hit", nullptr, 0 },
	{ 189, "", "\xe7\x99\xbd\xe3\x81\x84\xe6\x9d\xbf", "IWEXIST_End", nullptr, 0 },
	{ 215, "", "\xe6\x8c\xaf\xe3\x82\x8a\xe4\xb8\x8a\xe3\x81\x92\xe3\x83\x96\xe3\x83\xac\xe3\x83\xbc\xe3\x83\x89", "B+C, V_B+C", nullptr, 0 },
	{ 216, "", "\xe6\x8c\xaf\xe3\x82\x8a\xe4\xb8\x8b\xe3\x82\x8d\xe3\x81\x97\xe3\x83\x96\xe3\x83\xac\xe3\x83\xbc\xe3\x83\x89", "B+C, V_B+C", nullptr, 0 },
	{ 223, "", "\xe3\x80\x80\xe6\x89\x8b\xe5\x89\x8d\xe3\x83\x96\xe3\x83\xac\xe3\x83\xbc\xe3\x83\x89", "214A, 214B, 214EX", kEntries002_7, 1 },
	{ 224, "", "\xe3\x80\x80\xe5\xa5\xa5\xe3\x83\x96\xe3\x83\xac\xe3\x83\xbc\xe3\x83\x89", "214A, 214B, 214EX", kEntries002_3, 1 },
	{ 226, "", "\xe3\x83\x91\xe3\x83\xbc\xe3\x83\xa0", "214A, 214B, 214EX", nullptr, 0 },
	{ 238, "", "\xe6\x8c\xaf\xe3\x82\x8a\xe4\xb8\x8b\xe3\x82\x8d\xe3\x81\x97\xe3\x83\x96\xe3\x83\xac\xe3\x83\xbc\xe3\x83\x89", "0202B_End, 0202A, 0202B, 0202EX", nullptr, 0 },
	{ 253, "", "\xe3\x81\x9f\xe3\x81\x9f\xe3\x81\x8d\xe3\x81\xa4\xe3\x81\x91\xe3\x82\xa8\xe3\x83\x95\xe3\x82\xa7\xe3\x82\xaf\xe3\x83\x88\xe5\x91\xbc\xe3\x81\xb3", "J214_Hit, J214N_Hit, J214EX_Hit, 214EX_Hit, SSRelayAtk, Circle_Hit2, CircleEX_Hit, CircleA_Hit2", nullptr, 0 },
	{ 396, "", "\xe6\x8c\xaf\xe3\x82\x8a\xe4\xb8\x8b\xe3\x82\x8d\xe3\x81\x97\xe3\x83\x96\xe3\x83\xac\xe3\x83\xbc\xe3\x83\x89", "SSRelayAtk", nullptr, 0 },
	{ 439, "", "\xe6\x8e\xb4\xe3\x81\xbf\xe5\xbe\x8c\xe3\x82\x84\xe3\x82\x89\xe3\x82\x8c\xe6\x89\xb1\xe3\x81\x84\xe3\x81\xab\xe3\x81\x99\xe3\x82\x8b", "63214_Hit, 63214EX_Hit", nullptr, 0 },
	{ 446, "", "\xe5\x8f\xa9\xe3\x81\x8d\xe3\x81\xa4\xe3\x81\x91\xe3\x82\xa8\xe3\x83\x95\xe3\x82\xa7\xe3\x82\xaf\xe3\x83\x88", "63214A, 63214B, 63214EX, 63214_Hit, 63214EX_Hit", kEntries002_1, 2 },
	{ 456, "", "\xe5\x9b\x9e\xe8\xbb\xa2\xe3\x82\xa8\xe3\x83\x95\xe3\x82\xa7\xe3\x82\xaf\xe3\x83\x88", "Circle_Hit2, CircleEX_Hit, CircleEX_HitD, Circle_HitD, CircleA_Hit2", nullptr, 0 },
	{ 457, "", "\xe3\x81\xa9\xe3\x81\xa3\xe3\x81\x97\xe3\x82\x93\xe3\x81\xb0\xe3\x81\x8f\xe3\x81\xaf", "Circle_Hit2, CircleEX_Hit, CircleEX_HitD, Circle_HitD, CircleA_Hit2", nullptr, 0 },
	{ 461, "", "\xe3\x81\xa9\xe3\x81\xa3\xe3\x81\x97\xe3\x82\x93\xe3\x81\xb0\xe3\x81\x8f\xe3\x81\xaf\xe5\xa4\xa7", "CircleEX_HitD, Circle_HitD", nullptr, 0 },
};

const unsigned char kEntries003_0[] = { 251 };
const unsigned char kEntries003_1[] = { 251, 252, 254 };
const unsigned char kEntries003_2[] = { 251, 254 };
const unsigned char kEntries003_3[] = { 254 };
const unsigned char kEntries003_4[] = { 251, 252 };

const Row kEffects003[] = {
	{ 1, "", "\xe7\xab\x8b\xe3\x81\xa1\xe5\xbc\xb1\xe6\x94\xbb\xe6\x92\x83", "", kEntries003_0, 1 },
	{ 2, "", "\xe7\xab\x8b\xe3\x81\xa1\xe4\xb8\xad\xe6\x94\xbb\xe6\x92\x83", "", kEntries003_1, 3 },
	{ 71, "", "\x42\xe3\x83\x96\xe3\x83\xac\xe3\x83\xbc\xe3\x83\x89", "", kEntries003_0, 1 },
	{ 72, "", "\x43\xe3\x83\x96\xe3\x83\xac\xe3\x83\xbc\xe3\x83\x89", "", kEntries003_2, 2 },
	{ 73, "", "\x42\x3e\x42\xe3\x83\x96\xe3\x83\xac\xe3\x83\xbc\xe3\x83\x89", "B_B", kEntries003_0, 1 },
	{ 74, "", "\x41\xe3\x83\x96\xe3\x83\xac\xe3\x83\xbc\xe3\x83\x89", "", kEntries003_0, 1 },
	{ 75, "", "\x36\x43\xe3\x83\x96\xe3\x83\xac\xe3\x83\xbc\xe3\x83\x89", "6C", kEntries003_0, 1 },
	{ 76, "", "\xe3\x81\x9f\xe3\x82\x81\x36\x43\xe3\x83\x96\xe3\x83\xac\xe3\x83\xbc\xe3\x83\x89", "6C", kEntries003_0, 1 },
	{ 77, "", "\x4a\x41\xe3\x83\x96\xe3\x83\xac\xe3\x83\xbc\xe3\x83\x89", "", kEntries003_0, 1 },
	{ 78, "", "\x4a\x42\xe3\x83\x96\xe3\x83\xac\xe3\x83\xbc\xe3\x83\x89", "", kEntries003_0, 1 },
	{ 80, "", "\xe3\x81\x9f\xe3\x82\x81\x4a\x43\xe3\x83\x96\xe3\x83\xac\xe3\x83\xbc\xe3\x83\x89", "", kEntries003_0, 1 },
	{ 81, "", "\x4a\x43\xe3\x83\x96\xe3\x83\xac\xe3\x83\xbc\xe3\x83\x89", "AirC_End", kEntries003_0, 1 },
	{ 82, "", "\x45\x58\xe8\x83\x8c\xe4\xb8\xad\xe3\x81\xab\xe7\x94\x9f\xe3\x81\x88\xe3\x82\x8b", "63214EX_Hit, B_B_B_Hit", nullptr, 0 },
	{ 83, "", "\xe8\x83\x8c\xe4\xb8\xad\xe3\x81\xab\xe7\x94\x9f\xe3\x81\x88\xe3\x82\x8b", "", kEntries003_3, 1 },
	{ 84, "", "\x33\x43\xe3\x83\x96\xe3\x83\xac\xe3\x83\xbc\xe3\x83\x89", "3C_End", kEntries003_0, 1 },
	{ 85, "", "\x32\x41\xe3\x83\x96\xe3\x83\xac\xe3\x83\xbc\xe3\x83\x89", "", kEntries003_4, 2 },
	{ 86, "", "\x32\x43\xe3\x83\x96\xe3\x83\xac\xe3\x83\xbc\xe3\x83\x89", "", kEntries003_0, 1 },
	{ 87, "", "\xe5\x8b\x9d\xe5\x88\xa9\xe3\x82\xa8\xe3\x83\x95\xe3\x82\xa7\xe3\x82\xaf\xe3\x83\x88\xef\xbc\x91", "41236SP", nullptr, 0 },
	{ 88, "", "\xe5\x8b\x9d\xe5\x88\xa9\xe3\x82\xa8\xe3\x83\x95\xe3\x82\xa7\xe3\x82\xaf\xe3\x83\x88\xef\xbc\x92", "41236SP", nullptr, 0 },
	{ 89, "", "\xe3\x82\xb3\xe3\x83\x9e\xe6\x8a\x95\xe3\x81\x92\xe5\x90\xb8\xe5\x8f\x8e", "", nullptr, 0 },
	{ 90, "", "\xe3\x81\x9f\xe3\x82\x81\x33\x43\xe3\x83\x96\xe3\x83\xac\xe3\x83\xbc\xe3\x83\x89", "3C", kEntries003_0, 1 },
	{ 101, "", "\x4a\x42\x42\xe3\x83\x96\xe3\x83\xac\xe3\x83\xbc\xe3\x83\x89", "JB_JB", kEntries003_0, 1 },
	{ 207, "", "\x36\x32\x33\x45\x58\xe8\xbb\xbd\xe3\x81\x84\xe8\xa6\x8b\xe3\x81\x9f\xe7\x9b\xae\x31", "623EXEff", nullptr, 0 },
	{ 208, "", "\x36\x32\x33\x45\x58\xe8\xbb\xbd\xe3\x81\x84\xe8\xa6\x8b\xe3\x81\x9f\xe7\x9b\xae\x32", "623EXEff2", nullptr, 0 },
	{ 211, "", "623Eff", "623A", nullptr, 0 },
	{ 212, "", "623Eff", "623B", nullptr, 0 },
	{ 235, "", "\xe9\xa3\x9b\xe3\x81\xb3\xe9\x81\x93\xe5\x85\xb7\xe8\xa6\x8b\xe3\x81\x9f\xe7\x9b\xae", "FB_4B", nullptr, 0 },
	{ 237, "", "\xe6\xae\x8b\xe5\x83\x8f\xe7\x94\x9f\xe6\x88\x90", "FB_4B", nullptr, 0 },
	{ 238, "", "\xe3\x81\x8a\xe3\x81\x84\xe3\x81\xa6\xe3\x81\x8f\xe3\x82\x8b\xe6\xae\x8b\xe5\x83\x8f", "", nullptr, 0 },
	{ 254, "", "", "41236SP", nullptr, 0 },
	{ 265, "", "A", "", nullptr, 0 },
	{ 266, "", "B", "", nullptr, 0 },
	{ 267, "", "C", "", nullptr, 0 },
	{ 268, "", "D", "", nullptr, 0 },
	{ 269, "", "E", "", nullptr, 0 },
	{ 270, "", "F", "", nullptr, 0 },
	{ 271, "", "G", "", nullptr, 0 },
	{ 272, "", "H", "", nullptr, 0 },
	{ 273, "", "I", "", nullptr, 0 },
	{ 274, "", "J", "", nullptr, 0 },
	{ 384, "", "\xe5\x8b\x9d\xe5\x88\xa9\xe3\x82\xa8\xe3\x83\x95\xe3\x82\xa7\xe3\x82\xaf\xe3\x83\x88\xef\xbc\x92", "IWEXIST_Hit", nullptr, 0 },
	{ 389, "", "\xe3\x82\xab\xe3\x82\xb9", "IE_WALLS", nullptr, 0 },
	{ 451, "", "\xe8\xb9\xb4\xe3\x82\x8a\xe4\xb8\x8a\xe3\x81\x92\xe7\xb5\x90\xe6\x99\xb6", "0606B+C_End", nullptr, 0 },
	{ 452, "", "\xe8\xb9\xb4\xe3\x82\x8a\xe4\xb8\x8a\xe3\x81\x92\xe7\xb5\x90\xe6\x99\xb6\x32", "0606B+C", nullptr, 0 },
	{ 461, "", "\xe3\x82\xa8\xe3\x83\x95\xe3\x82\xa7\xe3\x82\xaf\xe3\x83\x88\xe6\xae\x8b\xe3\x82\x8a", "J2C_End, J2C", nullptr, 0 },
};

const unsigned char kEntries004_0[] = { 189, 191 };
const unsigned char kEntries004_1[] = { 189, 190, 191 };
const unsigned char kEntries004_2[] = { 187, 189 };
const unsigned char kEntries004_3[] = { 191 };
const unsigned char kEntries004_4[] = { 187, 191 };
const unsigned char kEntries004_5[] = { 189 };
const unsigned char kEntries004_6[] = { 188 };
const unsigned char kEntries004_7[] = { 187 };
const unsigned char kEntries004_8[] = { 190 };
const unsigned char kEntries004_9[] = { 187, 189, 190 };
const unsigned char kEntries004_10[] = { 190, 191 };
const unsigned char kEntries004_11[] = { 189, 190 };

const Row kEffects004[] = {
	{ 1, "", "\xe7\xab\x8b\xe3\x81\xa1\xe5\xbc\xb1\xe6\x94\xbb\xe6\x92\x83", "236EX_HitObj", kEntries004_0, 2 },
	{ 2, "", "\xe7\xab\x8b\xe3\x81\xa1\xe4\xb8\xad\xe6\x94\xbb\xe6\x92\x83", "22EXAtkEff", kEntries004_1, 3 },
	{ 4, "", "\xe3\x81\x97\xe3\x82\x83\xe3\x81\x8c\xe3\x81\xbf\xe5\xbc\xb1\xe6\x94\xbb\xe6\x92\x83", "22EXAtkEff", kEntries004_2, 2 },
	{ 108, "", "\xe3\x83\x96\xe3\x83\xac\xe3\x83\xbc\xe3\x83\x89", "236A_6A", nullptr, 0 },
	{ 123, "", "391 2", "41236SP_Wave", nullptr, 0 },
	{ 125, "41236SP_LandZanzou1", "391 2", "", nullptr, 0 },
	{ 126, "41236SP_LandZanzou2", "391 2", "", nullptr, 0 },
	{ 128, "", "391 2", "41236SP_Wave", nullptr, 0 },
	{ 165, "", "\x46\x46\xe3\x81\x8d\xe3\x82\x89\xe3\x81\x8d\xe3\x82\x89", "B+C, V_B+C, JB+C, V_JB+C, J214_JAddBandC, V_J214_JAddBandC", nullptr, 0 },
	{ 180, "", "\xe5\x8d\x81\xe5\xad\x97\xe6\x9e\xb6\xe3\x83\x91\xe3\x82\xbf\xe3\x83\xbc\xe3\x83\xb3", "IE_Cross", nullptr, 0 },
	{ 181, "", "", "IE_Cross", nullptr, 0 },
	{ 182, "", "", "IE_Cross", nullptr, 0 },
	{ 183, "", "", "IE_Cross", nullptr, 0 },
	{ 184, "", "", "IE_Cross", nullptr, 0 },
	{ 188, "", "\xe5\x81\x9c\xe6\xad\xa2\xe7\x85\x99", "236A, 236B, 236EX", nullptr, 0 },
	{ 189, "", "\xe6\xae\x8b\xe5\x83\x8f\xe3\x81\xa0", "236A, 236B, 236EX, SSRelayAtk", kEntries004_3, 1 },
	{ 201, "", "001", "", kEntries004_4, 2 },
	{ 202, "", "002", "", kEntries004_5, 1 },
	{ 204, "", "101", "", kEntries004_5, 1 },
	{ 205, "", "102", "3B", kEntries004_6, 1 },
	{ 207, "", "201", "", kEntries004_7, 1 },
	{ 209, "", "203", "", kEntries004_2, 2 },
	{ 210, "", "300", "236A, 236B, 236EX, SSRelayAtk", kEntries004_8, 1 },
	{ 211, "", "\x33\x30\x35\xe3\x83\x96\xe3\x83\xac\xe3\x83\xbc\xe3\x83\x89", "623A, 623B, 623EX, 41236EX", nullptr, 0 },
	{ 219, "", "\x33\x31\x30\xe5\xa4\xa7", "41236EX", kEntries004_2, 2 },
	{ 220, "", "003", "", kEntries004_9, 3 },
	{ 221, "", "004", "4C", kEntries004_5, 1 },
	{ 222, "", "005", "", kEntries004_5, 1 },
	{ 223, "", "006", "6B", kEntries004_7, 1 },
	{ 224, "", "105", "3C", kEntries004_7, 1 },
	{ 226, "", "204", "J2C", kEntries004_5, 1 },
	{ 230, "", "", "TJ214A, T214A", nullptr, 0 },
	{ 231, "", "", "TJ214B", nullptr, 0 },
	{ 232, "", "", "T214_214B", nullptr, 0 },
	{ 233, "", "", "TJ214EX, T214_214C", nullptr, 0 },
	{ 396, "", "\xe3\x83\x96\xe3\x83\xac\xe3\x83\xbc\xe3\x83\x89", "SSRelayAtk", nullptr, 0 },
	{ 422, "", "007", "41236EX", kEntries004_5, 1 },
	{ 423, "", "007", "41236EX", kEntries004_0, 2 },
	{ 424, "", "007", "41236EX", kEntries004_3, 1 },
	{ 425, "", "007", "41236EX", kEntries004_10, 2 },
	{ 426, "", "007", "41236EX", kEntries004_11, 2 },
	{ 749, "", "002", "T214_214A", nullptr, 0 },
	{ 750, "", "001", "T214B", nullptr, 0 },
	{ 751, "", "002", "T214_214A", nullptr, 0 },
	{ 873, "", "\xe3\x83\x96\xe3\x83\xac\xe3\x83\xbc\xe3\x83\x89\xe6\xb6\x88\xe6\xbb\x85", "T63214EX", nullptr, 0 },
	{ 874, "", "\xe5\x9c\xb0\xe9\x9d\xa2\xe7\x88\x86\xe7\x99\xba", "T63214EX", nullptr, 0 },
};

const unsigned char kEntries005_0[] = { 251 };
const unsigned char kEntries005_1[] = { 251, 253 };
const unsigned char kEntries005_2[] = { 251, 252 };
const unsigned char kEntries005_3[] = { 251, 255 };
const unsigned char kEntries005_4[] = { 255 };
const unsigned char kEntries005_5[] = { 254 };
const unsigned char kEntries005_6[] = { 251, 254 };
const unsigned char kEntries005_7[] = { 251, 253, 255 };
const unsigned char kEntries005_8[] = { 251, 252, 254, 255 };

const Row kEffects005[] = {
	{ 1, "", "\xe7\xab\x8b\xe3\x81\xa1\xe5\xbc\xb1\xe6\x94\xbb\xe6\x92\x83", "0202A", kEntries005_0, 1 },
	{ 72, "", "320 2", "0202B_Next, J214B", kEntries005_1, 2 },
	{ 73, "", "320_x", "0202A, 0202B, 0202EX", kEntries005_2, 2 },
	{ 76, "", "\x33\x30\x30\xe6\xad\xa6\xe5\x99\xa8\xe9\x96\x8b\xe5\xa7\x8b", "236EX, 236A, 236B, 0606B+C", kEntries005_2, 2 },
	{ 77, "", "\x33\x30\x30\xe6\xad\xa6\xe5\x99\xa8\xe6\xb6\x88\xe3\x81\x88", "236EX, 236A_236A, 236B_236B", kEntries005_3, 2 },
	{ 78, "", "\x33\x30\x30\xe6\xad\xa6\xe5\x99\xa8\xe6\xb6\x88\xe3\x81\x88", "623A, 623B, 623EX, 236A, 236B", kEntries005_4, 1 },
	{ 79, "", "\xe7\x99\xbb\xe5\xa0\xb4\xe6\xad\xa6\xe5\x99\xa8\xe3\x81\x8d\xe3\x81\x88", "", kEntries005_3, 2 },
	{ 80, "", "\xe5\x8b\x9d\xe5\x88\xa9\xe6\xad\xa6\xe5\x99\xa8", "", kEntries005_0, 1 },
	{ 81, "", "2C", "", kEntries005_5, 1 },
	{ 82, "", "\x32\x43\xe3\x81\x8d\xe3\x81\x88", "", kEntries005_5, 1 },
	{ 83, "", "\xef\xbc\xaa\xef\xbc\xa2\xef\xbc\x92", "", kEntries005_5, 1 },
	{ 84, "", "\xef\xbc\xaa\xef\xbc\xa2\xef\xbc\x91", "", kEntries005_6, 2 },
	{ 85, "", "312 0", "Throw_A, 236EX_Hit, 214B, 236_236_214", kEntries005_4, 1 },
	{ 86, "", "312 1", "Throw_A_Hit", kEntries005_4, 1 },
	{ 87, "", "203", "AirC_End", kEntries005_1, 2 },
	{ 88, "", "302 1", "0202A", kEntries005_4, 1 },
	{ 89, "", "\x33\x31\x30\xe6\x89\x8b\xe3\x81\xae\xe3\x82\xaa\xe3\x83\xbc\xe3\x83\xa9", "214B, 214A, 236_236_236, 236_236_214", kEntries005_0, 1 },
	{ 90, "", "\x33\x31\x30\xe6\x89\x8b\xe3\x81\xae\xe3\x82\xaa\xe3\x83\xbc\xe3\x83\xa9\xef\xbc\xa5\xef\xbc\xb8", "214EX_Hit", kEntries005_0, 1 },
	{ 91, "", "\x33\x30\x30\xe3\x83\x96\xe3\x83\xac\xe3\x83\xbc\xe3\x83\x89", "236A, 236B", kEntries005_0, 1 },
	{ 92, "", "\x33\x30\x30\xe6\xad\xa6\xe5\x99\xa8\xe3\x83\x96\xe3\x83\xa9\xe3\x83\xbc", "236EX, 236EX_Hit, 236A_236A, 236B_236B", kEntries005_2, 2 },
	{ 95, "", "\x33\x31\x30\xe6\x89\x8b\xe3\x81\xae\xe3\x82\xaa\xe3\x83\xbc\xe3\x83\xa9\x20\xe6\x97\xa9\xe3\x81\x8f\xe6\xb6\x88\xe3\x81\x88\xe3\x82\x8b", "214B, 236_236_214", kEntries005_0, 1 },
	{ 97, "", "310 0", "214A, 214EX_Hit, 236_236_236", kEntries005_2, 2 },
	{ 98, "", "310 1", "214B_Hit, 214A_Hit, 214EX_Hit, 236_236_236_Hit, 236_236_214_Hit", kEntries005_4, 1 },
	{ 99, "", "", "Throw_A_Hit, 214B_Hit, 214A_Hit, 214EX_Hit, 236_236_236_Hit, 236_236_214_Hit", nullptr, 0 },
	{ 100, "", "", "Throw_A_Hit, 214B_Hit, 214A_Hit, 214EX_Hit, 236_236_236_Hit, 236_236_214_Hit", nullptr, 0 },
	{ 101, "", "\xe7\xab\x8b\xe3\x81\xa1\xe5\xbc\xb7\xe3\x83\x96\xe3\x83\xac\xe3\x83\xbc\xe3\x83\x89", "StdC_End", kEntries005_4, 1 },
	{ 102, "", "302 1", "StdC_End, 0202B_Next, 0202EX_Next, J214B, J214EX", kEntries005_4, 1 },
	{ 103, "", "\x33\x31\x30\x20\x32\x20\xe9\xad\x82\xe3\x81\xa8\xe3\x81\xa3\xe3\x81\x9f\xe3\x81\xa9", "Throw_A_Hit, 214B_Hit, 214A_Hit, 214EX_Hit, 236_236_236_Hit, 236_236_214_Hit", kEntries005_3, 2 },
	{ 104, "", "\x33\x31\x30\x20\x35\x20\xe3\x81\x95\xe3\x81\x95\xe3\x81\xa3\xe3\x81\x9f", "Throw_A_Hit, 214B_Hit, 214A_Hit, 214EX_Hit, 236_236_236_Hit, 236_236_214_Hit", nullptr, 0 },
	{ 107, "", "\x33\x32\x30\x20\x32\xe5\xa4\xa7", "0202EX_Next, J214EX", kEntries005_1, 2 },
	{ 108, "", "\xe3\x81\x9f\xe3\x82\x81\xe7\xab\x8b\xe3\x81\xa1\xe5\xbc\xb7\xe3\x83\x96\xe3\x83\xac\xe3\x83\xbc\xe3\x83\x89", "", kEntries005_4, 1 },
	{ 109, "", "\xe3\x81\x9f\xe3\x82\x81\x4a\x43", "", kEntries005_1, 2 },
	{ 110, "", "\x36\x32\x33\xe8\xbf\xbd\xe5\x8a\xa0\xe6\xad\xa6\xe5\x99\xa8\xe6\xb6\x88\xe3\x81\x88", "623A_Add, 623B_Add, SSRelayAtk", kEntries005_3, 2 },
	{ 121, "", "\xe3\x80\x80\x65\x66\x66\x31", "623A, 623B, 623EX, SSRelayAtk", kEntries005_7, 3 },
	{ 122, "", " eff2", "623A, 623B, 623EX", kEntries005_8, 4 },
	{ 129, "", "304 0", "236EX_Hit", kEntries005_5, 1 },
	{ 134, "", "\x33\x30\x34\x20\x30\xe3\x80\x80\xe5\xa4\xa7", "", kEntries005_5, 1 },
	{ 154, "", "\xe8\xbf\xbd\xe5\x8a\xa0\xe7\x94\xa8\xe3\x82\xa8\xe3\x83\x95\xe3\x82\xa7\xe3\x82\xaf\xe3\x83\x88", "623A_Add, 623B_Add, SSRelayAtk", kEntries005_1, 2 },
	{ 203, "", "\xe9\xad\x82", "214EX", kEntries005_0, 1 },
	{ 209, "", "", "", kEntries005_4, 1 },
	{ 211, "Blade0", "", "IWEXIST_Hit", nullptr, 0 },
	{ 212, "", "", "IWEXIST_Hit", nullptr, 0 },
	{ 213, "", "", "", nullptr, 0 },
	{ 214, "", "", "IWEXIST_Hit", nullptr, 0 },
	{ 217, "", "", "", nullptr, 0 },
	{ 218, "IE_BladeX", "", "", nullptr, 0 },
	{ 241, "", "", "41236SP", nullptr, 0 },
	{ 242, "", "", "41236SP", nullptr, 0 },
	{ 243, "", "", "41236SP", nullptr, 0 },
	{ 244, "", "", "41236SP", nullptr, 0 },
	{ 245, "", "", "41236SP", nullptr, 0 },
	{ 246, "", "", "41236SP", nullptr, 0 },
	{ 478, "", "\x4a\x32\x31\x34\xe3\x82\xa8\xe3\x83\x95\xe3\x82\xa7\xe3\x82\xaf\xe3\x83\x88\xe6\xb6\x88\xe3\x81\x88", "J214A", kEntries005_4, 1 },
	{ 497, "", "\xe3\x83\x96\xe3\x83\xac\xe3\x83\xbc\xe3\x83\x89", "0606B+C", nullptr, 0 },
	{ 498, "", "\xe6\xad\xa6\xe5\x99\xa8\xe6\xb6\x88\xe3\x81\x88", "0606B+C", kEntries005_3, 2 },
};

const unsigned char kEntries006_0[] = { 225 };
const unsigned char kEntries006_1[] = { 224 };
const unsigned char kEntries006_2[] = { 224, 226, 227 };
const unsigned char kEntries006_3[] = { 227 };
const unsigned char kEntries006_4[] = { 224, 226 };
const unsigned char kEntries006_5[] = { 224, 227 };

const Row kEffects006[] = {
	{ 74, "", "105", "3C", nullptr, 0 },
	{ 76, "", "350", "B+C_Hit, B+C_HitLV0, B+C_HitLV1, B+C_HitLV2, B+C_HitLV3", kEntries006_0, 1 },
	{ 77, "", "\x32\x30\x34\xe3\x83\x96\xe3\x83\xac\xe3\x83\xbc\xe3\x83\x89", "", kEntries006_1, 1 },
	{ 78, "", "\x33\x31\x30\x20\xe3\x83\x96\xe3\x83\xac\xe3\x83\xbc\xe3\x83\x89", "StdC_End, 6C", kEntries006_2, 3 },
	{ 79, "", "\x33\x31\x30\x20\xe9\xa2\xa8", "StdC_End, 6C", kEntries006_1, 1 },
	{ 80, "", "\x30\x30\x32\xe3\x83\x96\xe3\x83\xac\xe3\x83\xbc\xe3\x83\x89", "B_B", kEntries006_1, 1 },
	{ 82, "", "\x32\x30\x31\xe3\x83\x96\xe3\x83\xac\xe3\x83\xbc\xe3\x83\x89", "", kEntries006_1, 1 },
	{ 83, "", "\x30\x30\x33\xe3\x83\x96\xe3\x83\xac\xe3\x83\xbc\xe3\x83\x89", "4C", kEntries006_3, 1 },
	{ 84, "", "004", "", kEntries006_4, 2 },
	{ 85, "", "\x30\x30\x31\xe3\x83\x96\xe3\x83\xac\xe3\x83\xbc\xe3\x83\x89", "", kEntries006_1, 1 },
	{ 86, "", "203", "J2C, SSRelayAtk_Hit", nullptr, 0 },
	{ 87, "", "", "J2C", nullptr, 0 },
	{ 88, "", "005", "4B", kEntries006_1, 1 },
	{ 89, "", "202", "", kEntries006_5, 2 },
	{ 90, "", "330", "0202A, 0202B, 0202EX", kEntries006_1, 1 },
	{ 92, "", "\x36\x30\x46\xe3\x81\xa7\xe7\x9d\x80\xe5\x9c\xb0\xe3\x81\x99\xe3\x82\x8b\xe7\x99\xbb\xe5\xa0\xb4", "", nullptr, 0 },
	{ 93, "", "101", "", nullptr, 0 },
	{ 94, "", "101", "", nullptr, 0 },
	{ 96, "", "\x32\x31\x34\xe3\x81\xae\xe9\xa2\xa8", "214A, 214B, 214EX, SSRelayAtk", kEntries006_1, 1 },
	{ 179, "", "\xe7\x99\xba\xe5\xb0\x84\xe3\x83\x95\xe3\x83\xac\xe3\x82\xa2", "J214A, J214B, J214EX", nullptr, 0 },
	{ 201, "41236SP_LightObj", "\xe3\x80\x80\xe7\x9b\xae\xe3\x81\xae\xe5\x85\x89", "41236SP", nullptr, 0 },
	{ 202, "", "", "41236SP", nullptr, 0 },
	{ 203, "41236SP_ArmBlade", "\xe3\x80\x80\xe3\x82\xb8\xe3\x82\xbf\xe3\x83\x90\xe3\x82\xbf\xe3\x83\x96\xe3\x83\xac\xe3\x83\xbc\xe3\x83\x89", "41236SP", nullptr, 0 },
	{ 224, "", "\xe8\xb8\x8f\xe3\x81\xbf\xe3\x81\xa4\xe3\x81\x91\xe3\x83\x89\xe3\x82\xab\xe3\x83\xbc\xe3\x83\xb3", "41236EX_Hit", kEntries006_4, 2 },
	{ 421, "", "\xe3\x83\x96\xe3\x83\xac\xe3\x83\xbc\xe3\x83\x89", "2+B+C_End", nullptr, 0 },
	{ 422, "", "\x42\x45\xe3\x83\x96\xe3\x83\xac\xe3\x83\xbc\xe3\x83\x89", "2+B+C", nullptr, 0 },
};


const Row kEffects007[] = {
	{ 61, "", "\xe8\xb9\xb4\xe3\x82\x8a\xe3\x83\x96\xe3\x83\xac\xe3\x83\xbc\xe3\x83\x89", "", nullptr, 0 },
	{ 73, "", "104", "", nullptr, 0 },
	{ 74, "", "\x32\x30\x33\xe3\x83\x96\xe3\x83\xac\xe3\x83\xbc\xe3\x83\x89", "", nullptr, 0 },
	{ 77, "", "\x33\x36\x30\x20\xe3\x83\x89\xe3\x83\xaa\xe3\x83\xab", "623EX, J623A, J623B, J623EX", nullptr, 0 },
	{ 78, "", "\x33\x31\x31\xe7\x9d\x80\xe5\xbc\xbe", "FB_236A, FB_236B, FB_236EX, FB_J236A, FB_J236B, FB_J236EX", nullptr, 0 },
	{ 83, "", "\x33\x35\x30\xe3\x83\xac\xe3\x83\xbc\xe3\x82\xb6\xe3\x83\xbc", "FB_214EX, FB_J214EX", nullptr, 0 },
	{ 84, "", "\x33\x35\x30\xe3\x83\xac\xe3\x83\xbc\xe3\x82\xb6\xe3\x83\xbc\xe6\x8a\x9c\xe3\x81\x91", "FB_214EX, FB_J214EX", nullptr, 0 },
	{ 85, "", "", "FB_236EX2, FB_236EX, FB_J236EX", nullptr, 0 },
	{ 89, "", "\xe5\x8b\x9d\xe5\x88\xa9\xe3\x81\xae\xe8\xb6\xb3\xe5\x85\x83\xe3\x81\xae\xe7\xbe\xbd", "", nullptr, 0 },
	{ 95, "", "\x33\x31\x31\xe9\xa3\x9b\xe3\x81\xb3\xe9\x81\x93\xe5\x85\xb7", "FB_236A, FB_236B, FB_J236A, FB_J236B, FB_236A2, FB_236B2", nullptr, 0 },
	{ 96, "", "\x33\x31\x31\xe7\x88\x86\xe7\x99\xba", "FB_236A, FB_236B, FB_J236A, FB_J236B, FB_236A2, FB_236B2", nullptr, 0 },
	{ 97, "", "\x33\x35\x30\xe3\x83\xac\xe3\x83\xbc\xe3\x82\xb6\xe3\x83\xbc", "FB_214A, FB_214B, FB_J214A, FB_J214B", nullptr, 0 },
	{ 98, "", "\x33\x35\x30\xe3\x83\xac\xe3\x83\xbc\xe3\x82\xb6\xe3\x83\xbc\xe6\x8a\x9c\xe3\x81\x91", "FB_214A, FB_214B, FB_J214A, FB_J214B", nullptr, 0 },
	{ 99, "", "", "FB_236EX, FB_J236EX", nullptr, 0 },
	{ 100, "", "", "FB_236EX2", nullptr, 0 },
	{ 103, "", "\xe6\x8a\x95\xe3\x81\x92\xe3\x81\xae\xe3\x82\xa8\xe3\x83\x95\xe3\x82\xa7\xe3\x82\xaf\xe3\x83\x88", "", nullptr, 0 },
	{ 107, "", "236EXLoopEff", "Eff_236EX_Tame3, Eff_J236EX_Tame3", nullptr, 0 },
	{ 159, "", "\xe8\xb9\xb4\xe3\x82\x8a\xe3\x83\x96\xe3\x83\xac\xe3\x83\xbc\xe3\x83\x89", "J623B, J623EX", nullptr, 0 },
	{ 166, "", "", "JA+B", nullptr, 0 },
	{ 168, "", "", "JA+B", nullptr, 0 },
	{ 186, "", "\xef\xbc\x93\xe7\x82\xb9\xe8\xa8\xad\xe7\xbd\xae\xe3\x83\x93\xe3\x83\x83\xe3\x83\x88\xe3\x81\xbf\xe3\x81\x9f\xe3\x82\x81", "0202Fin_Tama, 0202Fin_TamaEX", nullptr, 0 },
	{ 190, "", "\xe3\x82\xb8\xe3\x83\xa3\xe3\x83\xb3\xe3\x83\x97\x43", "", nullptr, 0 },
	{ 191, "", "\xe3\x83\x80\xe3\x83\x83\xe3\x82\xb7\xe3\x83\xa5\x43", "", nullptr, 0 },
	{ 399, "", "\xe9\xad\x94\xe6\xb3\x95\xe9\x99\xa3", "SSR_Tama", nullptr, 0 },
	{ 400, "", "\xe3\x83\x93\xe3\x83\xbc\xe3\x83\xa0", "", nullptr, 0 },
	{ 413, "", "\xe8\xb9\xb4\xe3\x82\x8a\xe3\x83\x96\xe3\x83\xac\xe3\x83\xbc\xe3\x83\x89", "", nullptr, 0 },
};

const unsigned char kEntries008_0[] = { 255 };
const unsigned char kEntries008_1[] = { 251, 253 };
const unsigned char kEntries008_2[] = { 254, 255 };
const unsigned char kEntries008_3[] = { 253, 254 };
const unsigned char kEntries008_4[] = { 254 };
const unsigned char kEntries008_5[] = { 251 };
const unsigned char kEntries008_6[] = { 251, 252, 253, 254, 255 };
const unsigned char kEntries008_7[] = { 253 };

const Row kEffects008[] = {
	{ 54, "", "", "", nullptr, 0 },
	{ 71, "", "001", "", kEntries008_0, 1 },
	{ 77, "", "320_3", "", kEntries008_1, 2 },
	{ 80, "", "104", "3C, 41236SP_Hit", nullptr, 0 },
	{ 81, "", "101", "", kEntries008_0, 1 },
	{ 82, "", "005a", "41236SP_Guard, 41236SP_Hit", kEntries008_0, 1 },
	{ 83, "", "005b", "C_C, 41236SP_Hit", kEntries008_0, 1 },
	{ 84, "", "002", "41236SP_Guard, 41236SP_Hit", kEntries008_0, 1 },
	{ 85, "", "001", "41236SP_Guard, 41236SP_Hit", kEntries008_0, 1 },
	{ 86, "", "202", "", kEntries008_0, 1 },
	{ 87, "", "\xe3\x82\xb8\xe3\x83\xa3\xe3\x83\xb3\xe3\x83\x97\xe5\xbc\xb7\xe6\x94\xbb\xe6\x92\x83", "", kEntries008_2, 2 },
	{ 89, "", "320_0", "236A, 236B, 236EX, J236A, J236B, J236EX, 63214A, 63214B, 63214EX, 214_AddA_Catch", kEntries008_0, 1 },
	{ 91, "", "311", "63214A_Hit, 63214B_Hit, 63214EX_Hit, J214B_Hit, J214EX_Hit, 214_AddA_Catch_Hit", kEntries008_0, 1 },
	{ 92, "", "006", "6C, J6C", nullptr, 0 },
	{ 93, "", "105", "3B", kEntries008_0, 1 },
	{ 94, "", "\x33\x39\x30\x20\xe3\x81\x8b\xe3\x82\x8a", "41236SP_Guard, 41236SP_Hit", nullptr, 0 },
	{ 95, "", "390", "41236SP_Guard, 41236SP_Hit", nullptr, 0 },
	{ 97, "", "\xe5\x8d\x8d", "", nullptr, 0 },
	{ 98, "", "325", "", kEntries008_3, 2 },
	{ 99, "", "\xe5\x8d\x8d\xe5\x9b\x9e\xe8\xbb\xa2\xe9\x9f\xb3", "", nullptr, 0 },
	{ 100, "", "\x33\x30\x30\xe3\x81\x84\xe3\x81\xa3\xe3\x81\x9b\xe3\x82\x93", "623A, 623B, 623EX, 623EX_Hit", kEntries008_4, 1 },
	{ 101, "", "\x33\x30\x30\xe3\x81\x84\xe3\x81\xa3\xe3\x81\x9b\xe3\x82\x93\xe3\x81\x8a\xe3\x81\x9d\xe3\x81\x84", "214_AddC", kEntries008_4, 1 },
	{ 103, "202", "", "J623EX_Hit, J214B_Hit, J214EX_Hit", nullptr, 0 },
	{ 104, "", "\xe5\x8b\x9d\xe5\x88\xa9\xe6\x99\x82\xe3\x81\xae\xe3\x83\x8a\xe3\x82\xa4\xe3\x83\x95", "", nullptr, 0 },
	{ 120, "", "\xe6\xae\x8b\xe5\x83\x8f", "ForwardShift", nullptr, 0 },
	{ 121, "", "\xe6\xae\x8b\xe5\x83\x8f", "ForwardShift", nullptr, 0 },
	{ 125, "", "\xef\xbc\xaa\x32\x43\xe3\x82\xa8\xe3\x83\x95\xe3\x82\xa7\xe3\x82\xaf\xe3\x83\x88", "J2C", nullptr, 0 },
	{ 167, "", "\xe6\xae\x8b\xe5\x83\x8f\xe3\x83\x96\xe3\x83\xa9\xe3\x83\xbc", "B+C", nullptr, 0 },
	{ 171, "", "\xe6\xae\x8b\xe5\x83\x8f\xe3\x83\x96\xe3\x83\xa9\xe3\x83\xbc\xef\xbc\x92", "623A, 623B", kEntries008_5, 1 },
	{ 201, "", "\x45\x58\xe4\xb9\xb1\xe8\x88\x9e", "J623EX_Hit", nullptr, 0 },
	{ 202, "", "\xe3\x83\x95\xe3\x82\xa3\xe3\x83\x8b\xe3\x83\x83\xe3\x82\xb7\xe3\x83\xa5", "J623EX_Hit", kEntries008_6, 5 },
	{ 206, "", "\xe3\x82\xa2\xe3\x82\xb5\xe3\x83\xab\xe3\x83\x88\xe6\xae\x8b\xe5\x83\x8f", "J623A, J623B, J623EX", kEntries008_7, 1 },
	{ 218, "", "", "J0202A", nullptr, 0 },
	{ 219, "", "", "J0202B", nullptr, 0 },
	{ 223, "", "390", "MoveKick", nullptr, 0 },
	{ 224, "", "\xe7\xbd\xae\xe3\x81\x84\xe3\x81\xa8\xe3\x81\x8f\xe6\xae\x8b\xe5\x83\x8f", "MoveKick, MoveSlide", nullptr, 0 },
	{ 226, "", "", "MoveKick, MoveSlide", nullptr, 0 },
	{ 388, "", "\xe6\xb4\xbe\xe7\x94\x9f\xe3\x82\xab\xe3\x82\xab\xe3\x83\x88", "214_Add8C", nullptr, 0 },
	{ 450, "", "", "SSRelayAtk, 0606B+C", nullptr, 0 },
	{ 451, "", "", "SSRelayAtk, 0606B+C", nullptr, 0 },
	{ 452, "", "", "0606B+C", nullptr, 0 },
	{ 471, "", "\xe5\xbc\xbe\xe3\x81\xae\xe8\xa6\x8b\xe3\x81\x9f\xe7\x9b\xae", "FB_CroBandC", nullptr, 0 },
	{ 472, "", "\xe5\xbc\xbe\xe3\x81\xae\xe6\xb6\x88\xe6\xbb\x85\xe8\xa6\x8b\xe3\x81\x9f\xe7\x9b\xae", "FB_CroBandC", nullptr, 0 },
};

const unsigned char kEntries009_0[] = { 203 };
const unsigned char kEntries009_1[] = { 206 };
const unsigned char kEntries009_2[] = { 169, 171 };
const unsigned char kEntries009_3[] = { 169 };
const unsigned char kEntries009_4[] = { 203, 205 };
const unsigned char kEntries009_5[] = { 205 };
const unsigned char kEntries009_6[] = { 171 };
const unsigned char kEntries009_7[] = { 160 };
const unsigned char kEntries009_8[] = { 160, 206 };

const Row kEffects009[] = {
	{ 81, "", "003", "", kEntries009_0, 1 },
	{ 83, "", "103B", "", nullptr, 0 },
	{ 84, "", "103B", "", nullptr, 0 },
	{ 86, "", "202", "", kEntries009_0, 1 },
	{ 87, "", "202", "", kEntries009_0, 1 },
	{ 91, "", "391", "41236SP", kEntries009_0, 1 },
	{ 92, "", "305 A", "6A, J6A", kEntries009_1, 1 },
	{ 93, "", "305 B", "6B, J6B", kEntries009_1, 1 },
	{ 94, "", "305 C", "6C, J6C", kEntries009_1, 1 },
	{ 95, "", "002", "", kEntries009_0, 1 },
	{ 96, "", "236A", "236A", kEntries009_2, 2 },
	{ 97, "", "236B", "236B", kEntries009_2, 2 },
	{ 99, "", "203", "J2C", kEntries009_0, 1 },
	{ 100, "", "203", "J2C", nullptr, 0 },
	{ 101, "", "\xe3\x81\x9f\xe3\x82\x81\x4a\x43", "J2C", nullptr, 0 },
	{ 102, "", "\xe7\xab\x8b\xe3\x81\xa1\x42", "", kEntries009_0, 1 },
	{ 104, "", "316", "", kEntries009_3, 1 },
	{ 105, "", "207", "", kEntries009_0, 1 },
	{ 106, "", "207", "", kEntries009_0, 1 },
	{ 108, "", "\x49\x57\xe5\x88\x9d\xe6\xae\xb5", "41236SP", nullptr, 0 },
	{ 109, "", "\x49\x57\xe4\xba\x8c\xe6\xae\xb5", "41236SP", kEntries009_4, 2 },
	{ 111, "", "395", "41236SP", kEntries009_0, 1 },
	{ 114, "", "\xe5\xad\x97", "Hana", kEntries009_5, 1 },
	{ 115, "", "\xe5\xad\x97", "Hana", kEntries009_0, 1 },
	{ 117, "", "\x33\x39\x35\xe9\x80\x9a\xe8\xb2\xa8", "41236SP_Hit", nullptr, 0 },
	{ 118, "", "\xe3\x81\x97\xe3\x82\x85\xe3\x81\x8f\xe3\x81\xa1\xe9\xa2\xa8\xe3\x82\xa8\xe3\x83\x95\xe3\x82\xa7\xe3\x82\xaf\xe3\x83\x88", "BS_Dash_F, BS_Dash_B, JBA_JDashF, JBA_JDashB, 421A, 421B, 421C, J421A, J421B, J421C, StdBandC_AddA", nullptr, 0 },
	{ 122, "", "", "4C", nullptr, 0 },
	{ 123, "", "4CEff", "4B", nullptr, 0 },
	{ 124, "", "\x20\x34\x43\xe3\x83\x92\xe3\x83\x83\xe3\x83\x88", "4B_Hit", nullptr, 0 },
	{ 188, "", "\xe4\xb8\x80\xe9\x96\x83\xe3\x83\x96\xe3\x83\xac\xe3\x83\xbc\xe3\x83\x89", "StdBandC_AddA, SSRelayAtk", nullptr, 0 },
	{ 189, "", "\xe4\xb8\x80\xe9\x96\x83\x65\x66\x66", "StdBandC_AddA", nullptr, 0 },
	{ 202, "", "\xe3\x83\x96\xe3\x83\xac\xe3\x83\xbc\xe3\x83\x89", "2+B+C, V_2+B+C", nullptr, 0 },
	{ 222, "", "JFF1", "V_JB+C", nullptr, 0 },
	{ 223, "", "JFF2", "V_JB+C", kEntries009_0, 1 },
	{ 227, "", "\xe3\x81\x95\xe3\x81\x91", "B+CtoBS", nullptr, 0 },
	{ 231, "Eff_BCHamon", "\xe7\x99\xba\xe5\x8b\x95\xe6\xb3\xa2\xe7\xb4\x8b", "B+C, V_B+C", nullptr, 0 },
	{ 232, "", "\xe6\xa1\x9c\x4c\x76\x31", "B+C, V_B+C", nullptr, 0 },
	{ 233, "", "\xe6\xa1\x9c\x4c\x76\x32", "B+C, V_B+C", nullptr, 0 },
	{ 234, "", "\xe6\xa1\x9c\x4c\x76\x33", "V_JB+C, JB+C, B+C, V_B+C", nullptr, 0 },
	{ 238, "", "\x42\x2b\x43\xe4\xba\x8c\xe6\xae\xb5\xe7\x9b\xae", "B+A_AddAtkLV2", kEntries009_0, 1 },
	{ 239, "", "\x42\x2b\x43\xe3\x83\x96\xe3\x83\xac\xe3\x83\xbc\xe3\x83\x89", "B+A_AddAtkLV2", nullptr, 0 },
	{ 241, "", "\x42\x2b\x43\xe3\x83\x96\xe3\x83\xac\xe3\x83\xbc\xe3\x83\x89", "JB+C", nullptr, 0 },
	{ 242, "", "236B", "B+A_AddAtkLV3", nullptr, 0 },
	{ 243, "", "\xef\xbc\x92\xe6\xae\xb5\xe9\x9a\x8e\xe7\x9b\xae\xe8\xbf\xbd\xe5\x8a\xa0", "JB+C, EffLv3Hit", kEntries009_0, 1 },
	{ 244, "", "", "EffLv3Hit", kEntries009_4, 2 },
	{ 245, "", "236B", "EffLv3Hit", nullptr, 0 },
	{ 249, "", "\xe3\x80\x80\xe7\xb8\xa6\xe7\xb7\x9a", "", nullptr, 0 },
	{ 393, "", "\xe4\xb8\x80\xe9\x96\x83\x65\x66\x66", "SSRelayAtk", nullptr, 0 },
	{ 396, "", "\xe3\x81\x97\xe3\x82\x85\xe3\x81\x8f\xe3\x81\xa1\xe9\xa2\xa8\xe3\x82\xa8\xe3\x83\x95\xe3\x82\xa7\xe3\x82\xaf\xe3\x83\x88", "SSRelayAtk", nullptr, 0 },
	{ 397, "", "\xe3\x81\x97\xe3\x82\x85\xe3\x81\x8f\xe3\x81\xa1\xe9\xa2\xa8\xe3\x82\xa8\xe3\x83\x95\xe3\x82\xa7\xe3\x82\xaf\xe3\x83\x88", "SSRelayAtk", nullptr, 0 },
	{ 399, "", "330", "", kEntries009_6, 1 },
	{ 430, "", "\x32\x33\x36\xef\xbc\xa5\xef\xbc\xb8\xe3\x82\xa8\xe3\x83\x95\xe3\x82\xa7\xe3\x82\xaf\xe3\x83\x88", "236EX", kEntries009_2, 2 },
	{ 431, "", "\x45\x58\x32\x33\x36\xe8\x84\xb3\xe7\xad\x89\xe3\x82\xa8\xe3\x83\x95\xe3\x82\xa7\xe3\x82\xaf\xe3\x83\x88", "236EX, J236EX", kEntries009_7, 1 },
	{ 457, "", "\xe5\x85\xab\xe9\x87\x8d\xe3\x83\x96\xe3\x83\xac\xe3\x83\xbc\xe3\x83\x89\xe8\xa6\x8b\xe3\x81\x9f\xe7\x9b\xae", "Eff214Atk", kEntries009_8, 2 },
	{ 483, "", "236C", "J236B", kEntries009_2, 2 },
	{ 484, "", "236C", "J236A", kEntries009_2, 2 },
	{ 485, "", "236C", "SSRelayAtk, J236EX", kEntries009_2, 2 },
};

const unsigned char kEntries010_0[] = { 251, 252, 253 };
const unsigned char kEntries010_1[] = { 251, 254 };
const unsigned char kEntries010_2[] = { 253 };
const unsigned char kEntries010_3[] = { 251 };
const unsigned char kEntries010_4[] = { 251, 253, 255 };

const Row kEffects010[] = {
	{ 75, "", "206", "", nullptr, 0 },
	{ 77, "", "101", "", nullptr, 0 },
	{ 78, "", "004", "StdC_End", kEntries010_0, 3 },
	{ 83, "", "\xe3\x81\x97\xe3\x82\x83\xe3\x81\x8c\xe3\x81\xbf\xe4\xb8\xad\xe6\x94\xbb\xe6\x92\x83", "3B", nullptr, 0 },
	{ 84, "", "001", "", nullptr, 0 },
	{ 86, "", "", "", nullptr, 0 },
	{ 90, "", "\xe3\x82\xb8\xe3\x83\xa3\xe3\x83\xb3\xe3\x83\x97\xe5\xbc\xb7\xe6\x94\xbb\xe6\x92\x83", "", nullptr, 0 },
	{ 92, "", "\xe6\x8c\xaf\xe3\x82\x8a\xe5\x90\x91\xe3\x81\x8d\xe6\xa4\x85\xe5\xad\x90\x28\x45\x66\x66\xe3\x81\xa7\xe5\x91\xbc\xe3\x81\xb6\x29", "", nullptr, 0 },
	{ 93, "", "\xe3\x82\xb8\xe3\x83\xa3\xe3\x83\xb3\xe3\x83\x97\xe5\xbc\xb7\xe3\x80\x80\xe5\xb0\x8f\xe6\x8a\x9c\xe3\x81\x91", "AirC_End", nullptr, 0 },
	{ 94, "", "\xe6\x8a\x95\xe3\x81\x92\xe6\x8a\x9c\xe3\x81\x91\xe7\x94\xa8", "", nullptr, 0 },
	{ 96, "", "", "", kEntries010_1, 2 },
	{ 97, "", "\x4a\x32\x43\xe6\xb6\x88\xe6\xbb\x85", "J2C", nullptr, 0 },
	{ 98, "", "DB", "B_B", kEntries010_1, 2 },
	{ 99, "", "004", "", kEntries010_2, 1 },
	{ 100, "", "103", "", kEntries010_3, 1 },
	{ 101, "", "103", "", kEntries010_4, 3 },
	{ 103, "", "\xe6\x8a\x95\xe3\x81\x92\xe8\xb6\xb3\xe5\x85\x83\xe3\x82\xa8\xe3\x83\x95\xe3\x82\xa7\xe3\x82\xaf\xe3\x83\x88", "", nullptr, 0 },
	{ 104, "", "\xe6\x8a\x95\xe3\x81\x92\xe5\xa4\xb1\xe6\x95\x97\xe8\xb6\xb3\xe5\x85\x83\xe3\x82\xa8\xe3\x83\x95\xe3\x82\xa7\xe3\x82\xaf\xe3\x83\x88", "", nullptr, 0 },
	{ 108, "", "\xe6\xb6\x88\xe6\xbb\x85\xe6\x99\x82\xe3\x81\xab\xe6\x95\xa3\xe3\x82\x89\xe3\x81\x99", "WinEff", nullptr, 0 },
	{ 115, "", "\xef\xbc\x92\xef\xbc\xa3\xe8\xbf\xbd\xe5\x8a\xa0\xef\xbc\xa3", "2C_2C", nullptr, 0 },
	{ 116, "", "5CC", "C_C", nullptr, 0 },
	{ 117, "", "\xef\xbc\x92\xef\xbc\xa3\xe8\xbf\xbd\xe5\x8a\xa0\xef\xbc\xa3", "2C_2C", nullptr, 0 },
	{ 118, "", "\xef\xbc\xaa\xef\xbc\xa3\xe8\xbf\xbd\xe5\x8a\xa0\xef\xbc\xa3", "JC_JC", nullptr, 0 },
	{ 119, "", "\xe7\xab\x8b\xe3\x81\xa1\xe4\xb8\xad\xe6\x94\xbb\xe6\x92\x83", "", nullptr, 0 },
	{ 124, "", "\xe7\xab\x8b\xe3\x81\xa1\xe4\xb8\xad\xe6\x94\xbb\xe6\x92\x83\xe5\xb0\x8f", "", nullptr, 0 },
	{ 137, "", "\xe6\xb6\x88\xe3\x81\x88\xe3\x82\x8b\xe7\x85\x99", "421A, 421B, 421C, J421A, J421B, J421C, J236AddWarp, J0202B", nullptr, 0 },
	{ 138, "", "", "J236AddWarp_Deru, J236AddWarp_AirDeru, J236AddWarp_UraDeru, 421BDeru, 421ADeru, 421CDeru, J0202B", nullptr, 0 },
	{ 158, "", "\xe5\x87\xba\xe7\x8f\xbe\xe7\x85\x99", "ChangeCorner", nullptr, 0 },
	{ 159, "", "\xe3\x83\x90\xe3\x82\xaf\xe3\x82\xb9\xe3\x83\x86\xe5\xa4\x96\xe3\x81\xab\xe6\xb6\x88\xe3\x81\x88\xe3\x82\x8b", "ChangeCorner", nullptr, 0 },
	{ 207, "", "\xe9\xa3\x9b\xe3\x81\xb3\xe4\xb8\x8a\xe3\x81\x8c\xe3\x82\x8a\xe7\x85\x99", "214A, 214B, 214EX", nullptr, 0 },
	{ 245, "", "\xe6\x8c\x87\xe3\x83\x91\xe3\x83\x83\xe3\x83\x81\xe3\x83\xb3", "41236SP", nullptr, 0 },
	{ 254, "", "\xe7\x88\x86\xe7\x99\xba\xe9\x83\xa8\xe5\x88\x86", "41236EX", nullptr, 0 },
	{ 270, "", "\x42\x2b\x43\xe6\xb6\x88\xe6\xbb\x85", "", nullptr, 0 },
	{ 271, "", "\x42\x2b\x43\xe6\xb6\x88\xe6\xbb\x85", "", nullptr, 0 },
	{ 272, "", "\x42\x2b\x43\xe6\xb6\x88\xe6\xbb\x85", "", nullptr, 0 },
	{ 273, "", "\x42\x2b\x43\xe6\xb6\x88\xe6\xbb\x85", "", nullptr, 0 },
	{ 274, "", "\x42\x2b\x43\xe6\xb6\x88\xe6\xbb\x85", "", nullptr, 0 },
	{ 275, "", "\x42\x2b\x43\xe6\xb6\x88\xe6\xbb\x85", "", nullptr, 0 },
	{ 277, "", "\xe9\xa3\x9b\xe3\x81\xb3\xe4\xb8\x8a\xe3\x81\x8c\xe3\x82\x8a\xe7\x85\x99", "B+C", nullptr, 0 },
	{ 279, "", "\x42\x2b\x43\xe3\x81\xae\xe3\x81\x93\xe3\x82\x8a", "B+C, JB+C", nullptr, 0 },
	{ 280, "", "\xe3\x81\x9f\xe3\x82\x81\x42\x2b\x43\xe3\x81\xae\xe3\x81\x93\xe3\x82\x8a", "B+C, JB+C", nullptr, 0 },
	{ 284, "", "\xe6\xb5\xae\xe9\x81\x8a\xe3\x82\xb8\xe3\x83\xa3\xe3\x83\xb3\xe3\x83\x97\x41\xe6\x94\xbb\xe6\x92\x83", "B+C_AddA", nullptr, 0 },
	{ 285, "", "\xe6\xb5\xae\xe9\x81\x8a\xe3\x82\xb8\xe3\x83\xa3\xe3\x83\xb3\xe3\x83\x97\x36\x41\xe6\x94\xbb\xe6\x92\x83", "B+C_Add2A", nullptr, 0 },
	{ 385, "", "\xe6\xb6\x88\xe6\xbb\x85\xe3\x82\xa8\xe3\x83\x95\xe3\x82\xa7\xe3\x82\xaf\xe3\x83\x88", "IWEXIST_Hit", nullptr, 0 },
	{ 388, "", "\xe4\xb8\x8a\xe7\xa9\xba\xe3\x81\xab\xe3\x81\x84\xe3\x82\x8b\xe3\x81\xa8\xe3\x81\x8d\xe3\x81\xae\xe3\x82\x86\xe3\x82\x89\xe3\x82\x86\xe3\x82\x89", "", nullptr, 0 },
	{ 432, "", "\xe6\x8c\x87\xe3\x83\x91\xe3\x83\x83\xe3\x83\x81\xe3\x83\xb3", "63214Lv0, 63214Lv1, 63214Lv2, 63214Lv3, 63214Lv4", nullptr, 0 },
	{ 433, "", "\xe6\x8d\x95\xe7\x8d\xb2\xe9\x96\x8b\xe6\x94\xbe\xe3\x82\xa8\xe3\x83\x95\xe3\x82\xa7\xe3\x82\xaf\xe3\x83\x88", "FallArrowHit, FallArrowHitLv1, FallArrowHitLv2, FallArrowHitLv3", nullptr, 0 },
	{ 434, "", "\xe7\x85\x99", "63214Arrow, 63214ArrowLv1, 63214ArrowLv2, 63214ArrowLv3", nullptr, 0 },
	{ 482, "", "\xe7\xbd\xa0\xe7\x85\x99", "FB_63214EX", nullptr, 0 },
	{ 483, "", "\xe7\xaa\x81\xe3\x81\x8d\xe5\x88\xba\xe3\x81\x97\xe8\xa6\x8b\xe3\x81\x9f\xe7\x9b\xae", "FB_63214EX", nullptr, 0 },
	{ 904, "", "\xe3\x80\x80\xe3\x82\x82\xe3\x82\x84", "StandbyDummy", nullptr, 0 },
	{ 905, "", "\xe3\x80\x80\xe3\x82\x82\xe3\x82\x84\xe6\xb6\x88\xe6\xbb\x85", "StandbyDummy", nullptr, 0 },
	{ 906, "", "\xe3\x80\x80\xe7\x9d\x80\xe5\x9c\xb0\xe6\xb3\xa2\xe7\xb4\x8b", "StandbyDummy", nullptr, 0 },
};

const unsigned char kEntries011_0[] = { 203, 205, 206, 207 };

const Row kEffects011[] = {
	{ 80, "", "", "FB_i236A", nullptr, 0 },
	{ 81, "", "", "FB_i236A", nullptr, 0 },
	{ 82, "", "", "FB_i236B", nullptr, 0 },
	{ 83, "", "", "FB_i236B", nullptr, 0 },
	{ 89, "", "\xe3\x81\x9f\xe3\x82\x81\xe3\x81\x99\xe3\x81\x8f\xe3\x81\x84\xe3\x81\x82\xe3\x81\x92\xe3\x83\x96\xe3\x83\xac\xe3\x83\xbc\xe3\x83\x89", "3C", nullptr, 0 },
	{ 90, "", "\xe3\x81\x99\xe3\x81\x8f\xe3\x81\x84\xe3\x81\x82\xe3\x81\x92\xe3\x83\x96\xe3\x83\xac\xe3\x83\xbc\xe3\x83\x89", "3C_End", nullptr, 0 },
	{ 91, "", "\x4a\xe5\xbc\xb7\x4b\xe3\x83\x96\xe3\x83\xac\xe3\x83\xbc\xe3\x83\x89", "AirC_End", nullptr, 0 },
	{ 92, "", "\xe8\xb9\xb4\xe3\x82\x8a\xe4\xb8\x8a\xe3\x81\x92\xe3\x83\x96\xe3\x83\xac\xe3\x83\xbc\xe3\x83\x89", "421B", nullptr, 0 },
	{ 93, "", "\x45\x58\xe8\xb9\xb4\xe3\x82\x8a\xe4\xb8\x8a\xe3\x81\x92\xe3\x83\x96\xe3\x83\xac\xe3\x83\xbc\xe3\x83\x89", "421EX", nullptr, 0 },
	{ 94, "", "\x36\x42\xe3\x83\x96\xe3\x83\xac\xe3\x83\xbc\xe3\x83\x89", "6B", nullptr, 0 },
	{ 95, "", "\x4a\x42\xe3\x83\x96\xe3\x83\xac\xe3\x83\xbc\xe3\x83\x89", "", nullptr, 0 },
	{ 97, "", "\xe3\x82\xbf\xe3\x83\xa1\x4a\xe5\xbc\xb7\x4b\xe3\x83\x96\xe3\x83\xac\xe3\x83\xbc\xe3\x83\x89", "", nullptr, 0 },
	{ 98, "", "\xe3\x83\x80\xe3\x83\x83\xe3\x82\xb7\xe3\x83\xa5\xe4\xb8\xad", "", kEntries011_0, 4 },
	{ 99, "", "\xe3\x83\x80\xe3\x83\x83\xe3\x82\xb7\xe3\x83\xa5\xe5\xbc\xb7\xe6\x94\xbb\xe6\x92\x83", "", nullptr, 0 },
	{ 100, "", "\x36\x32\x33\x45\x58\xe3\x81\xa8\xe3\x81\xa9\xe3\x82\x81\xe7\xa7\xbb\xe8\xa1\x8c\xe7\x94\xa8", "623EX_AddAtk", nullptr, 0 },
	{ 147, "", "\xe6\x80\xa5\xe9\x99\x8d\xe4\xb8\x8b\xe3\x82\xad\xe3\x83\x83\xe3\x82\xaf\xe3\x82\xa8\xe3\x83\x95\xe3\x82\xa7\xe3\x82\xaf\xe3\x83\x88", "J2B", nullptr, 0 },
	{ 148, "", "\xe6\x80\xa5\xe9\x99\x8d\xe4\xb8\x8b\xe3\x82\xad\xe3\x83\x83\xe3\x82\xaf\xe3\x82\xa8\xe3\x83\x95\xe3\x82\xa7\xe3\x82\xaf\xe3\x83\x88", "J2B", nullptr, 0 },
	{ 155, "", "\xe3\x83\x81\xe3\x83\xa7\xe3\x83\x83\xe3\x83\x97\xe3\x83\x96\xe3\x83\xac\xe3\x83\xbc\xe3\x83\x89", "6C", nullptr, 0 },
	{ 156, "", "\x42\x45\xe3\x83\x81\xe3\x83\xa7\xe3\x83\x83\xe3\x83\x97\xe3\x83\x96\xe3\x83\xac\xe3\x83\xbc\xe3\x83\x89", "6C", nullptr, 0 },
	{ 168, "", "\x32\x31\x34\x45\x58\xe3\x83\x92\xe3\x83\x83\xe3\x83\x88\xe3\x82\xa8\xe3\x83\x95\xe3\x82\xa7\xe3\x82\xaf\xe3\x83\x88", "214EXFIN", nullptr, 0 },
	{ 171, "", "\xe3\x81\x8a\xe3\x81\xa3\xe3\x81\x93\xe3\x81\xa1\xe3\x82\x8b\xe3\x83\x9e\xe3\x82\xac\xe3\x82\xb8\xe3\x83\xb3", "0202C, BulletReload_X", nullptr, 0 },
	{ 227, "", "\xe3\x83\x9b\xe3\x83\xbc\xe3\x83\xab\xe3\x83\x89\xe7\xb3\xb8\xe6\xb6\x88\xe6\xbb\x85", "41236SP", nullptr, 0 },
	{ 229, "", "\xe3\x83\xac\xe3\x83\xbc\xe3\x82\xb6\xe3\x83\xbc\xe7\x85\x99", "IFX_Laser", nullptr, 0 },
	{ 230, "", "\xe6\x9c\xac\xe4\xbd\x93\xe7\x85\x99", "IFX_Laser", nullptr, 0 },
	{ 235, "", "\xe9\xad\x94\xe6\x96\xb9\xe9\x99\xa3\xef\xbc\x91", "IX_Hell", nullptr, 0 },
	{ 236, "", "\xe9\xad\x94\xe6\x96\xb9\xe9\x99\xa3\xef\xbc\x92", "IX_Hell", nullptr, 0 },
	{ 237, "", "\xe9\xad\x94\xe6\x96\xb9\xe9\x99\xa3\xef\xbc\x93", "IX_Hell", nullptr, 0 },
	{ 242, "", "\xe3\x83\x98\xe3\x83\xab\xe3\x83\xa1\xe3\x82\xb9\xe8\xb6\xb3\xe5\x85\x83\xe7\x85\x99", "IX_Hell", nullptr, 0 },
	{ 243, "", "\xe3\x83\x98\xe3\x83\xab\xe3\x83\xa1\xe3\x82\xb9\xe7\x99\xbb\xe5\xa0\xb4\xe5\x9c\xb0\xe9\x9d\xa2\xe7\x85\x99", "IX_Hell", nullptr, 0 },
	{ 244, "", "\xe8\x85\x95\xe5\x87\xba\xe7\x8f\xbe\xe7\xa0\x82\xe7\x85\x99", "IX_Hell", nullptr, 0 },
	{ 271, "", "\x42\x2b\x43\xe3\x83\x96\xe3\x83\xac\xe3\x83\xbc\xe3\x83\x89", "B+C", nullptr, 0 },
	{ 272, "", "\xe6\x9c\x80\xe5\x88\x9d\xe3\x81\xae\xe5\x9b\x9e\xe8\xbb\xa2\xe3\x82\xa8\xe3\x83\x95\xe3\x82\xa7\xe3\x82\xaf\xe3\x83\x88", "B+C", nullptr, 0 },
	{ 398, "", "\x45\x58\xe8\xb9\xb4\xe3\x82\x8a\xe4\xb8\x8a\xe3\x81\x92\xe3\x83\x96\xe3\x83\xac\xe3\x83\xbc\xe3\x83\x89", "SSRelayAtk", nullptr, 0 },
};

const unsigned char kEntries012_0[] = { 251, 252 };
const unsigned char kEntries012_1[] = { 251 };
const unsigned char kEntries012_2[] = { 252, 254 };
const unsigned char kEntries012_3[] = { 252 };

const Row kEffects012[] = {
	{ 99, "", "\xe3\x81\x9f\xe3\x82\x81\x35\x43", "", nullptr, 0 },
	{ 100, "", "5C", "StdC_End", kEntries012_0, 2 },
	{ 101, "", "5A", "", kEntries012_0, 2 },
	{ 103, "", "66C", "", kEntries012_1, 1 },
	{ 104, "", "2B", "", kEntries012_0, 2 },
	{ 105, "", "2C", "", kEntries012_0, 2 },
	{ 106, "", "JB", "", kEntries012_2, 2 },
	{ 107, "", "JC", "AirC_End", nullptr, 0 },
	{ 108, "", "J2C", "J2C_End", kEntries012_3, 1 },
	{ 109, "", "210", "JB_JB", kEntries012_3, 1 },
	{ 110, "", "\x35\x42\xe9\xa2\xa8", "", nullptr, 0 },
	{ 111, "", "\x38\x30\x36\xe9\x80\x9a\xe5\xb8\xb8\xe6\x8a\x95\xe3\x81\x92\xe3\x83\x96\xe3\x83\xac\xe3\x83\xbc\xe3\x83\x89", "", kEntries012_0, 2 },
	{ 113, "", "\x33\x33\x30\xe7\x85\x99", "214A, 214B, 214EX, SSRelayAtk", kEntries012_1, 1 },
	{ 114, "", "\x33\x33\x31\xe5\x86\x86", "J4C", kEntries012_0, 2 },
	{ 115, "", "\xef\xbc\x92\xef\xbc\xa2\xe8\xb9\xb4\xe3\x82\x8a\xe4\xb8\x8a\xe3\x81\x92\xe9\xa2\xa8", "3C", nullptr, 0 },
	{ 120, "", "\xe3\x81\x9f\xe3\x82\x81\xef\xbc\xaa\xef\xbc\xa3", "", kEntries012_1, 1 },
	{ 121, "", "\xe3\x81\x9f\xe3\x82\x81\x4a\x32\x43", "J2C", kEntries012_3, 1 },
	{ 127, "", "\xe7\x99\xbb\xe5\xa0\xb4\xe5\x89\xa3\xe5\x87\xba\xe7\x8f\xbe", "", nullptr, 0 },
	{ 128, "", "\xe7\x99\xbb\xe5\xa0\xb4\xe5\x89\xa3\xe5\x88\x87\xe3\x82\x8b", "", nullptr, 0 },
	{ 129, "", "\xe7\x99\xbb\xe5\xa0\xb4\xe6\x9c\x80\xe5\xbe\x8c\xe3\x81\xab\xe5\xba\x83\xe3\x81\x8c\xe3\x82\x8b\xe9\xa2\xa8", "", nullptr, 0 },
	{ 135, "", "333bl", "J236A, J236B, J236A_End, J236B_End, J236EX", nullptr, 0 },
	{ 139, "", "\xe3\x83\x8f\xe3\x82\xa4\xe3\x82\xb8\xe3\x83\xa3\xe3\x83\xb3\xe3\x83\x97\xe7\x85\x99", "B+C, 0202_AddB+C", nullptr, 0 },
	{ 142, "", "\xe5\x89\x8d\xe3\x82\xb8\xe3\x83\xa3\xe3\x83\xb3\xe3\x83\x97\xe3\x82\xa8\xe3\x83\x95\xe3\x82\xa7\xe3\x82\xaf\xe3\x83\x88", "", nullptr, 0 },
	{ 143, "", "\xe5\x9e\x82\xe7\x9b\xb4\xe3\x82\xb8\xe3\x83\xa3\xe3\x83\xb3\xe3\x83\x97\xe3\x82\xa8\xe3\x83\x95\xe3\x82\xa7\xe3\x82\xaf\xe3\x83\x88", "3C_AddJump, JB+C, J236A, J236B, J236EX, J214A, J214B, J214EX", nullptr, 0 },
	{ 144, "", "\xe3\x83\x90\xe3\x83\x83\xe3\x82\xaf\xe3\x82\xb8\xe3\x83\xa3\xe3\x83\xb3\xe3\x83\x97\xe3\x82\xa8\xe3\x83\x95\xe3\x82\xa7\xe3\x82\xaf\xe3\x83\x88", "", nullptr, 0 },
	{ 146, "", "\xe3\x83\x80\xe3\x83\x83\xe3\x82\xb7\xe3\x83\xa5\xe6\x94\xbb\xe6\x92\x83\xe9\xa3\x9b\xe3\x81\xb3\xe4\xb8\x8a\xe3\x81\x8c\xe3\x82\x8a\xe9\xa2\xa8", "", nullptr, 0 },
	{ 148, "", "\x32\x33\x36\xe8\xbf\xbd\xe5\x8a\xa0\x42\x20\xe9\xa3\x9b\xe3\x81\xb3\xe4\xb8\x8a\xe3\x81\x8c\xe3\x82\x8a\xe9\xa2\xa8", "236_AddB", nullptr, 0 },
	{ 149, "", "\xef\xbc\xa4\xef\xbc\xa2\xe8\xb6\xb3", "", nullptr, 0 },
	{ 155, "", "\x32\x33\x36\xe8\xbf\xbd\xe5\x8a\xa0\x42\xe8\x90\xbd\xe4\xb8\x8b", "236_AddB, SSRelayAtk", nullptr, 0 },
	{ 161, "", "\xe5\x9b\x9e\xe8\xbb\xa2\xe3\x81\x97\xe3\x81\xaa\xe3\x81\x8c\xe3\x82\x89\xe3\x82\xaa\xe3\x83\x96\xe3\x82\xb8\xe3\x82\xa7\xe3\x82\xaf\xe3\x83\x88\xe3\x81\x8a\xe3\x81\x8f", "FB_iJ236BAdd", nullptr, 0 },
	{ 218, "", "\x4a\x32\x33\x36\xe7\x9d\x80\xe5\x9c\xb0\xe3\x82\xa8\xe3\x83\x95\xe3\x82\xa7\xe3\x82\xaf\xe3\x83\x88", "FB_J236EX1, FB_J236EX2, FB_J236A, FB_iJ236A, FB_J236BAdd, FB_iJ236BAdd, FB_J236BAdd_6B, FB_iJ236BAdd_6B", nullptr, 0 },
	{ 221, "", "\xe5\x9b\x9e\xe8\xbb\xa2\xe3\x81\x97\xe3\x81\xaa\xe3\x81\x8c\xe3\x82\x89\xe3\x82\xaa\xe3\x83\x96\xe3\x82\xb8\xe3\x82\xa7\xe3\x82\xaf\xe3\x83\x88\xe3\x81\x8a\xe3\x81\x8f", "FB_J236BAdd", nullptr, 0 },
	{ 234, "", "\xe3\x83\x80\xe3\x83\x83\xe3\x82\xb7\xe3\x83\xa5\xe6\xae\x8b\xe5\x83\x8f", "236_AddC", nullptr, 0 },
	{ 235, "", "\xe4\xb8\x80\xe9\x96\x83\xe3\x82\xa8\xe3\x83\x95\xe3\x82\xa7\xe3\x82\xaf\xe3\x83\x88", "236_AddA", nullptr, 0 },
	{ 245, "", "\xe6\x98\x87\xe7\xab\x9c\xe8\xb6\xb3\xe5\x85\x83", "623A, 623B, 623EX", nullptr, 0 },
	{ 246, "", "\xe6\x98\x87\xe7\xab\x9c\xe4\xb8\x8a\xe6\x98\x87\xe9\xa2\xa8", "623A, 623B", nullptr, 0 },
	{ 247, "", "\xe6\x98\x87\xe7\xab\x9c\xe4\xb8\x8a\xe6\x98\x87\xe9\xa2\xa8\xef\xbc\xa5\xef\xbc\xb8", "623EX", nullptr, 0 },
	{ 252, "", "\xe6\x8a\xbc\xe3\x81\x97\xe4\xbb\x98\xe3\x81\x91", "41236SP_Hit", nullptr, 0 },
	{ 253, "", "\xe3\x83\x88\xe3\x83\x89\xe3\x83\xa1", "41236SP_Hit", nullptr, 0 },
	{ 254, "", "\xe3\x83\x8f\xe3\x82\xa4\xe3\x82\xb8\xe3\x83\xa3\xe3\x83\xb3\xe3\x83\x97\xe7\x85\x99", "41236SP_Hit", nullptr, 0 },
	{ 256, "", "\xe9\xa3\x9b\xe3\x81\xb3\xe4\xb8\x8a\xe3\x81\x8c\xe3\x82\x8a\xe3\x82\xb2\xe3\x82\xa4\xe3\x82\xb6\xe3\x83\xbc", "41236SP", nullptr, 0 },
	{ 268, "", "\xe6\x98\x87\xe7\xab\x9c\xe3\x81\xaf\xe3\x81\xad\xe7\x94\x9f\xe6\x88\x90", "623A, 623B, 623EX", nullptr, 0 },
	{ 387, "", "\x45\x58\xe3\x81\x90\xe3\x82\x8b\xe3\x81\x90\xe3\x82\x8b\xe8\xa6\x8b\xe3\x81\x9f\xe7\x9b\xae", "FB_0202EX", nullptr, 0 },
	{ 388, "", "\xe5\x85\xb1\xe9\x80\x9a\xe6\xb6\x88\xe6\xbb\x85\xe8\xa6\x8b\xe3\x81\x9f\xe7\x9b\xae", "FB_0202A, FB_0202B, FB_0202EX", nullptr, 0 },
	{ 508, "", "\xe9\xa3\x9b\xe3\x81\xb3\xe4\xb8\x8a\xe3\x81\x8c\xe3\x82\x8a\xe3\x82\xa8\xe3\x83\x95\xe3\x82\xa7\xe3\x82\xaf\xe3\x83\x88", "jumpNan", nullptr, 0 },
	{ 509, "", "\xe9\xa0\x82\xe7\x82\xb9\xe7\xab\x9c\xe5\xb7\xbb", "", nullptr, 0 },
	{ 510, "", "\xe3\x83\x8f\xe3\x82\xa4\xe3\x82\xb8\xe3\x83\xa3\xe3\x83\xb3\xe3\x83\x97\xe7\x85\x99", "jumpNan", nullptr, 0 },
	{ 516, "", "\xe5\x88\x87\xe3\x82\x8a\xe6\x9b\xbf\xe3\x81\x88\xe3\x82\xa4\xe3\x83\xb3", "", nullptr, 0 },
	{ 525, "", "\xe7\xbe\xbd\xe7\x94\x9f\xe6\x88\x90", "jumpNan", nullptr, 0 },
};


const Row kEffects013[] = {
	{ 95, "", "\xe7\x99\xbb\xe5\xa0\xb4\xe6\x89\x8b\xe5\x87\xba\xe7\x8f\xbe", "", nullptr, 0 },
	{ 96, "", "\xe5\x8b\x9d\xe5\x88\xa9\xe6\x89\x8b\xe6\xb6\x88\xe6\xbb\x85", "", nullptr, 0 },
	{ 100, "", "\xe7\x99\xbb\xe5\xa0\xb4\xe5\xa7\x89\xe3\x81\x95\xe3\x82\x93", "", nullptr, 0 },
	{ 101, "", "\xe7\xab\x8b\xe3\x81\xa1\xe5\xbc\xb1\xe3\x83\x96\xe3\x83\xac\xe3\x83\xbc\xe3\x83\x89", "", nullptr, 0 },
	{ 102, "", "", "", nullptr, 0 },
	{ 103, "", "", "", nullptr, 0 },
	{ 104, "", "", "", nullptr, 0 },
	{ 105, "", "", "", nullptr, 0 },
	{ 106, "", "", "", nullptr, 0 },
	{ 107, "", "", "", nullptr, 0 },
	{ 108, "", "", "i214_JAddA", nullptr, 0 },
	{ 109, "", "", "", nullptr, 0 },
	{ 111, "", "", "214_JAddA", nullptr, 0 },
	{ 112, "", "", "214_JAddB", nullptr, 0 },
	{ 113, "", "", "214_JAddC", nullptr, 0 },
	{ 115, "", "\xef\xbc\x93\xef\xbc\xa3", "3C", nullptr, 0 },
	{ 116, "", "\xe3\x81\x9f\xe3\x82\x81\xef\xbc\x93\xef\xbc\xa3", "3C", nullptr, 0 },
	{ 175, "", "\xe3\x83\x95\xe3\x82\xa7\xe3\x82\xa4\xe3\x83\xb3\xe3\x83\x88\xe4\xb8\xad\xe6\xae\xb5\xe3\x83\x96\xe3\x83\xac\xe3\x83\xbc\xe3\x83\x89", "BandC_trap", nullptr, 0 },
	{ 177, "", "\xe3\x83\x95\xe3\x82\xa7\xe3\x82\xa4\xe3\x83\xb3\xe3\x83\x88\xe4\xb8\xad\xe6\xae\xb5\xe3\x83\x96\xe3\x83\xac\xe3\x83\xbc\xe3\x83\x89", "BandC_i_trap", nullptr, 0 },
	{ 219, "", "", "623A, 623B, 623EX", nullptr, 0 },
	{ 230, "", "", "623AF, 623BF", nullptr, 0 },
	{ 243, "", "\xe3\x83\xad\xe3\x83\x83\xe3\x82\xaf\xe8\xa6\x8b\xe3\x81\x9f\xe7\x9b\xae", "41236SP", nullptr, 0 },
	{ 244, "", "\xe7\x9b\xb8\xe6\x89\x8b\xe3\x82\x92\xe6\x8e\xb4\xe3\x82\x93\xe3\x81\xa0\xe3\x81\x82\xe3\x81\xa8", "41236SP_Hit", nullptr, 0 },
	{ 407, "", "", "", nullptr, 0 },
	{ 505, "", "\xe6\x9c\x80\xe5\x88\x9d\xe3\x81\xae\xe7\x99\xba\xe5\xb0\x84\xe7\xb3\xb8", "IWEXIST_Hit", nullptr, 0 },
};

const unsigned char kEntries014_0[] = { 253 };
const unsigned char kEntries014_1[] = { 172 };
const unsigned char kEntries014_2[] = { 251, 253, 254 };
const unsigned char kEntries014_3[] = { 251 };
const unsigned char kEntries014_4[] = { 251, 252 };
const unsigned char kEntries014_5[] = { 91, 172 };

const Row kEffects014[] = {
	{ 91, "", "", "J6C_End", kEntries014_0, 1 },
	{ 92, "", "", "J6C", kEntries014_0, 1 },
	{ 100, "", "\xe7\x99\xbb\xe5\xa0\xb4\xe8\x84\xb1\xe3\x81\x8e\xe6\x8d\xa8\xe3\x81\xa6\xe3\x82\x8b\xe6\x9c\x8d", "", nullptr, 0 },
	{ 101, "", "5C", "", nullptr, 0 },
	{ 102, "", "DC", "", nullptr, 0 },
	{ 103, "", "NJC", "JumpN_JC", nullptr, 0 },
	{ 104, "", "NJB", "JumpN_JB", nullptr, 0 },
	{ 105, "", "", "6B", nullptr, 0 },
	{ 106, "", "", "6C", nullptr, 0 },
	{ 107, "", "320", "214A_End, 214A, 214B, J214A, J214B", kEntries014_0, 1 },
	{ 108, "", "", "0202EX, 214A, 214B, J214B, J214EX", kEntries014_0, 1 },
	{ 109, "", "", "214B, J214B, J214EX", kEntries014_0, 1 },
	{ 110, "", "", "214EX", nullptr, 0 },
	{ 111, "", "310 0202", "0202A, 0202B, 0202EX", kEntries014_1, 1 },
	{ 112, "", "214EX", "214EX, J214EX", kEntries014_0, 1 },
	{ 113, "", "", "0202EX", nullptr, 0 },
	{ 114, "", "806", "", nullptr, 0 },
	{ 116, "", "", "J2C", kEntries014_2, 3 },
	{ 117, "", "", "J2C", kEntries014_3, 1 },
	{ 118, "", "\xe7\xa9\xba\xe4\xb8\xad\xe6\x8a\x95\xe3\x81\x92\xe3\x81\xb2\xe3\x81\x98\xe3\x81\xa6\xe3\x81\xa4", "Throw_A_Hit", nullptr, 0 },
	{ 125, "", "\xe3\x81\x93\xe3\x81\x86\xe3\x81\x9b\xe3\x81\x84\xe3\x83\x91\xe3\x83\xb3\xe3\x83\x81", "StdBandC_Atk, CroBandC_Atk, AirBandC_Atk, 41236AtkEX", nullptr, 0 },
	{ 132, "", "\x32\x31\x34\x45\x58\xe4\xbd\x93\xe3\x81\xae\xe3\x83\x93\xe3\x83\xaa\xe3\x83\x93\xe3\x83\xaa", "214EX, J214EX", nullptr, 0 },
	{ 133, "", "\xef\xbc\x92\xef\xbc\x92\xe9\xa2\xa8", "0202A, 0202B, 0202EX", nullptr, 0 },
	{ 134, "", "\xef\xbc\xaa\xef\xbc\x92\xef\xbc\xa3\xe9\xa2\xa8", "J2C", nullptr, 0 },
	{ 135, "", "\xef\xbc\x92\xef\xbc\x93\xef\xbc\x96\xe9\xa2\xa8", "236A, 236B, 236EX", nullptr, 0 },
	{ 136, "", "\xef\xbc\xaa\x32\x33\x36\xe9\xa2\xa8", "J236A, J236B, J236EX", nullptr, 0 },
	{ 137, "", "\xef\xbc\x92\xef\xbc\x92\xe9\x9b\xa2\xe9\x99\xb8", "0202A, 0202B, 0202EX", nullptr, 0 },
	{ 140, "", "\x45\x58\xe6\x9a\x97\xe8\xbb\xa2\xe3\x82\xa8\xe3\x83\x95\xe3\x82\xa7\xe3\x82\xaf\xe3\x83\x88\xef\xbc\x92\xef\xbc\x91\xef\xbc\x94\xef\xbc\xa5\xef\xbc\xb8", "214EX, J214EX", nullptr, 0 },
	{ 141, "", "\x45\x58\xe6\x9a\x97\xe8\xbb\xa2\xe3\x82\xa8\xe3\x83\x95\xe3\x82\xa7\xe3\x82\xaf\xe3\x83\x88\xef\xbc\x92\xef\xbc\x92\xef\xbc\xa5\xef\xbc\xb8", "0202EX", nullptr, 0 },
	{ 166, "236TamaFragment", "", "236EX, J236EX", kEntries014_4, 2 },
	{ 186, "", "", "0202EX", kEntries014_5, 2 },
	{ 214, "", "\xe4\xb9\xb1\xe8\x88\x9e\xe4\xb8\xad\xe3\x81\xae\xe9\x9b\x86\xe4\xb8\xad\xe5\xbc\xb1", "", nullptr, 0 },
	{ 215, "", "\xe4\xb9\xb1\xe8\x88\x9e\xe4\xb8\xad\xe3\x81\xae\xe9\x9b\x86\xe4\xb8\xad\xe3\x83\xab\xe3\x83\xbc\xe3\x83\x97", "41236SP_Hit", nullptr, 0 },
	{ 216, "", "", "", nullptr, 0 },
	{ 218, "", "", "41236SP", nullptr, 0 },
	{ 233, "", "\xe9\x9b\xbb\xe6\x92\x83\xe3\x83\x81\xe3\x83\xa7\xe3\x83\x83\xe3\x83\x97", "IWEXIST_Hit", nullptr, 0 },
	{ 234, "", "\xe3\x83\x81\xe3\x83\xa7\xe3\x83\x83\xe3\x83\x97\xe3\x83\x96\xe3\x83\xac\xe3\x83\xbc\xe3\x83\x89", "IWEXIST_Hit", nullptr, 0 },
	{ 235, "", "\xe3\x82\xa6\xe3\x82\xa7\xe3\x83\xbc\xe3\x83\x96", "IWEXIST_Hit", nullptr, 0 },
	{ 236, "", "\xe3\x82\xa6\xe3\x82\xa7\xe3\x83\xbc\xe3\x83\x96\xe3\x81\xae\xe5\x9c\xb0\xe9\x9d\xa2\xe7\xa0\xb4\xe5\xa3\x8a", "", nullptr, 0 },
	{ 397, "", "\xe8\xb9\xb4\xe3\x82\x8a\xe4\xb8\x8a\xe3\x81\x92", "SSRelayAtk", kEntries014_0, 1 },
	{ 398, "", "\xe9\x9b\xb7", "", nullptr, 0 },
};

const unsigned char kEntries015_0[] = { 203 };
const unsigned char kEntries015_1[] = { 203, 204, 205 };
const unsigned char kEntries015_2[] = { 210, 240 };
const unsigned char kEntries015_3[] = { 205 };
const unsigned char kEntries015_4[] = { 230, 232 };
const unsigned char kEntries015_5[] = { 208, 230, 240 };
const unsigned char kEntries015_6[] = { 208 };
const unsigned char kEntries015_7[] = { 203, 205 };
const unsigned char kEntries015_8[] = { 207 };
const unsigned char kEntries015_9[] = { 205, 206, 207 };
const unsigned char kEntries015_10[] = { 206, 207 };
const unsigned char kEntries015_11[] = { 178 };
const unsigned char kEntries015_12[] = { 178, 181 };
const unsigned char kEntries015_13[] = { 186 };
const unsigned char kEntries015_14[] = { 182 };
const unsigned char kEntries015_15[] = { 177 };
const unsigned char kEntries015_16[] = { 202 };

const Row kEffects015[] = {
	{ 98, "", "", "Dah_StdUpperAtk, Dah_AirUpperAtk", nullptr, 0 },
	{ 100, "", "\xe5\x87\xba\xe7\x8f\xbe\xe3\x82\xa8\xe3\x83\x95\xe3\x82\xa7\xe3\x82\xaf\xe3\x83\x88", "Dah_HidingNearAtkA, Dah_HidingNearAtkB, Dah_HidingNearAtkEX, Dah_HidingAtkA, Dah_HidingAtkB, Dah_HidingAtkEX, Dah_IWEDummy", kEntries015_0, 1 },
	{ 101, "", "\xe6\xb6\x88\xe6\xbb\x85\xe3\x82\xa8\xe3\x83\x95\xe3\x82\xa7\xe3\x82\xaf\xe3\x83\x88", "Dah_HidingNearAtkA, Dah_HidingNearAtkB, Dah_HidingNearAtkEX, Dah_HidingAtkA, Dah_HidingAtkB, Dah_HidingAtkEX, DahVanishEff", kEntries015_1, 3 },
	{ 103, "", "\xe7\xab\x8b\xe3\x81\xa1\xef\xbc\xa1\xe3\x83\x96\xe3\x83\xac\xe3\x83\xbc\xe3\x83\x89", "", kEntries015_2, 2 },
	{ 104, "", "\xe7\xab\x8b\xe3\x81\xa1\xef\xbc\xa2\xe3\x83\x96\xe3\x83\xac\xe3\x83\xbc\xe3\x83\x89", "", kEntries015_3, 1 },
	{ 106, "", "\xe9\x80\xb2\xe3\x82\x93\xe3\x81\xa7\xe3\x81\x8d\xe3\x82\x8a\xe3\x83\x96\xe3\x83\xac\xe3\x83\xbc\xe3\x83\x89", "Dah_StdDashAtk, Dah_StdDashAtkEX, Dah_AirDashAtk, Dah_AirDashAtkEX", kEntries015_4, 2 },
	{ 107, "", "\xe6\x96\xb9\xe5\x90\x91", "Dah_HidingNearAtkA, Dah_HidingNearAtkB, Dah_HidingNearAtkEX, Dah_HidingAtkA, Dah_HidingAtkB, Dah_HidingAtkEX", kEntries015_3, 1 },
	{ 108, "", "\xe3\x81\x8b\xe3\x81\xbf\xe3\x81\xa4\xe3\x81\x8d\xe3\x83\x96\xe3\x83\xac\xe3\x83\xbc\xe3\x83\x89", "Dah_HidingNearAtkA, Dah_HidingNearAtkB, Dah_HidingNearAtkEX, Dah_HidingAtkA, Dah_HidingAtkB, Dah_HidingAtkEX", nullptr, 0 },
	{ 115, "", "\x42\x42\xe8\xb9\xb4\xe3\x82\x8a\xe4\xb8\x8a\xe3\x81\x92\xe3\x83\x96\xe3\x83\xac\xe3\x83\xbc\xe3\x83\x89", "B_B, SSRelayAtk", nullptr, 0 },
	{ 117, "", "\xe6\x8c\x87\xe7\xa4\xba\xe3\x81\xa0\xe3\x81\x97\xe3\x82\xa8\xe3\x83\x95\xe3\x82\xa7\xe3\x82\xaf\xe3\x83\x88\xef\xbc\x92", "236TypeA, 623TypeA, 214TypeA, 623EXTypeA, 2FFTypeA", kEntries015_5, 3 },
	{ 118, "", "\xe7\xab\x8b\xe3\x81\xa1\xef\xbc\xa3\xe3\x83\x96\xe3\x83\xac\xe3\x83\xbc\xe3\x83\x89", "SSRelayAtk", kEntries015_6, 1 },
	{ 119, "", "\x4a\x43\xe3\x83\x96\xe3\x83\xac\xe3\x83\xbc\xe3\x83\x89", "", kEntries015_7, 2 },
	{ 123, "", "\xef\xbc\x92\xef\xbc\xa1\xe3\x83\x96\xe3\x83\xac\xe3\x83\xbc\xe3\x83\x89", "", kEntries015_0, 1 },
	{ 124, "", "\xef\xbc\xaa\xef\xbc\xa2\xe3\x83\x96\xe3\x83\xac\xe3\x83\xbc\xe3\x83\x89", "", kEntries015_8, 1 },
	{ 126, "", "\x56\x4f\xe6\x9c\xac\xe3\x81\x8b\xe3\x82\x89\xe5\x87\xba\xe3\x82\x8b\xe3\x83\x9d\xe3\x83\xaf\xe3\x83\xaf", "EffVOBook, EffCVOBook", kEntries015_9, 3 },
	{ 128, "", "\xe3\x81\x97\xe3\x81\xa3\xe3\x81\xbd\xe6\x94\xbb\xe6\x92\x83\xe3\x81\xa7\xe3\x81\x8b\xe3\x81\x8b\xe3\x82\x8a", "Dah_StdTaleAtkA, Dah_StdTaleAtkB, Dah_StdTaleAtkEX, Dah_AirTaleAtkA, Dah_AirTaleAtkB, Dah_AirTaleAtkEX", kEntries015_8, 1 },
	{ 129, "", "\xe3\x81\x97\xe3\x81\xa3\xe3\x81\xbd\xe6\x94\xbb\xe6\x92\x83\xe3\x81\xb5\xe3\x82\x8a", "Dah_StdTaleAtkA, Dah_StdTaleAtkB, Dah_StdTaleAtkEX, Dah_AirTaleAtkA, Dah_AirTaleAtkB, Dah_AirTaleAtkEX", kEntries015_0, 1 },
	{ 130, "", "\xe3\x81\x9f\xe3\x81\xa6\xe3\x81\xa4\xe3\x82\x81\xe3\x83\x96\xe3\x83\xac\xe3\x83\xbc\xe3\x83\x89", "Dah_StdNearDashAtk, Dah_StdNearUpperAtk, Dah_StdNearUpperAtkEX, Dah_StdDashAtkEX, Dah_AirDashAtkEX", kEntries015_0, 1 },
	{ 135, "", "\xe9\x8b\xad\xe3\x81\x84\xe5\x89\x8d\xef\xbc\xaa", "Dah_StdDashAtk, Dah_StdDashAtkEX, Dah_AirDashAtk, Dah_AirDashAtkEX", kEntries015_10, 2 },
	{ 136, "", "\xe5\x9e\x82\xe7\x9b\xb4\xef\xbc\xaa", "Dah_StdTaleAtkA, Dah_StdTaleAtkB, Dah_StdTaleAtkEX, Dah_AirTaleAtkA, Dah_AirTaleAtkB, Dah_AirTaleAtkEX", kEntries015_8, 1 },
	{ 137, "", "\xe7\x9d\x80\xe5\x9c\xb0\xe8\xa1\xa8", "Dah_StdUpperAtk, Dah_AirUpperAtk, Dah_StdDiveAtkB, DiveAtkWall, Dah_StdFireAtkA, Dah_StdFireAtkB, Dah_StdFireAtkEX, Dah_AirFireAtkA, Dah_AirFireAtkB, Dah_AirFireAtkEX, Dah_HidingNearAtkA, Dah_HidingNearAtkB, Dah_HidingNearAtkEX, Dah_HidingAtkA, Dah_HidingAtkB, Dah_HidingAtkEX, Dah_StdTaleAtkA, Dah_StdTaleAtkB, Dah_StdTaleAtkEX, Dah_AirTaleAtkA, Dah_AirTaleAtkB, Dah_AirTaleAtkEX, Dah_Appear", kEntries015_8, 1 },
	{ 138, "", "\xe7\x9d\x80\xe5\x9c\xb0\xe8\xa3\x8f", "Dah_StdUpperAtk, Dah_AirUpperAtk, Dah_StdDiveAtkB, DiveAtkWall, Dah_StdFireAtkA, Dah_StdFireAtkB, Dah_StdFireAtkEX, Dah_AirFireAtkA, Dah_AirFireAtkB, Dah_AirFireAtkEX, Dah_HidingNearAtkA, Dah_HidingNearAtkB, Dah_HidingNearAtkEX, Dah_HidingAtkA, Dah_HidingAtkB, Dah_HidingAtkEX, Dah_StdTaleAtkA, Dah_StdTaleAtkB, Dah_StdTaleAtkEX, Dah_AirTaleAtkA, Dah_AirTaleAtkB, Dah_AirTaleAtkEX, Dah_Appear", kEntries015_11, 1 },
	{ 139, "", "\xe3\x81\x88\xe3\x81\x90\xe3\x82\x8c", "Dah_StdDashAtk, Dah_StdDashAtkEX, Dah_AirDashAtk, Dah_AirDashAtkEX", kEntries015_12, 2 },
	{ 145, "", "\xe9\xa3\x9b\xe3\x81\xb3\xe4\xb8\x8a\xe3\x81\x8c\xe3\x82\x8a\xe3\x82\xa8\xe3\x83\x95\xe3\x82\xa7\xe3\x82\xaf\xe3\x83\x88", "Dah_StdUpperAtk, Dah_AirUpperAtk", nullptr, 0 },
	{ 146, "", "\xe6\x8a\x95\xe3\x81\x92\xe3\x81\xae\xe8\x86\x9d\xe8\xb9\xb4\xe3\x82\x8a\xe3\x82\xa8\xe3\x83\x95\xe3\x82\xa7\xe3\x82\xaf\xe3\x83\x88", "", nullptr, 0 },
	{ 147, "", "\xef\xbc\x92\xef\xbc\xa2\xe3\x83\x96\xe3\x83\xac\xe3\x83\xbc\xe3\x83\x89", "", kEntries015_3, 1 },
	{ 148, "", "\x4a\x32\x43\xe3\x83\x96\xe3\x83\xac\xe3\x83\xbc\xe3\x83\x89", "J2C, SSRelayAtk", kEntries015_13, 1 },
	{ 149, "", "\xef\xbc\xaa\xef\xbc\xa1\xe3\x83\x96\xe3\x83\xac\xe3\x83\xbc\xe3\x83\x89", "", kEntries015_14, 1 },
	{ 150, "", "\xef\xbc\x92\xef\xbc\xa3\xe3\x83\x96\xe3\x83\xac\xe3\x83\xbc\xe3\x83\x89", "", kEntries015_15, 1 },
	{ 152, "", "", "236TypeC, 623TypeC, 214TypeC, 623EXTypeC, 2FFTypeC", nullptr, 0 },
	{ 153, "", "\xe6\x8c\x87\xe7\xa4\xba\xe3\x81\xa0\xe3\x81\x97\xe3\x82\xa8\xe3\x83\x95\xe3\x82\xa7\xe3\x82\xaf\xe3\x83\x88", "236TypeB, 623TypeB, 214TypeB, 623EXTypeB, 2FFTypeB", nullptr, 0 },
	{ 179, "", "", "", nullptr, 0 },
	{ 180, "", "", "C_C", nullptr, 0 },
	{ 199, "", "\xe5\x8f\xa9\xe3\x81\x8d\xe3\x81\xa4\xe3\x81\x91\xe6\x9c\xac", "41236SP", nullptr, 0 },
	{ 202, "", "\xe5\xbe\x80\xe5\xbe\xa9\xe3\x81\x99\xe3\x82\x8b\xe3\x83\x80\xe3\x83\x8f\xe3\x83\xbc\xe3\x82\xab\xe3\x81\xae\xe5\xbd\xb1", "DahAtkDummy", nullptr, 0 },
	{ 221, "", "\xe7\x99\xba\xe5\xb0\x84\xe3\x82\xa8\xe3\x83\x95\xe3\x82\xa7\xe3\x82\xaf\xe3\x83\x88", "Dah_StdFireAtkA, Dah_StdFireAtkB, Dah_StdFireAtkEX, Dah_AirFireAtkA, Dah_AirFireAtkB, Dah_AirFireAtkEX", kEntries015_16, 1 },
	{ 469, "", "\xe6\xa8\xaa\xe3\x83\x96\xe3\x83\xac\xe3\x83\xbc\xe3\x83\x89", "DiveAtkWall", nullptr, 0 },
	{ 605, "", "\xe3\x82\xb1\xe3\x82\xa4\xe3\x82\xa2\xe3\x82\xb9\xe3\x82\xa8\xe3\x83\x95\xe3\x82\xa7\xe3\x82\xaf\xe3\x83\x88", "IWEXIST_Hit", nullptr, 0 },
};

const unsigned char kEntries016_0[] = { 250, 251, 252 };
const unsigned char kEntries016_1[] = { 248, 249, 250, 251 };
const unsigned char kEntries016_2[] = { 229, 250, 251 };
const unsigned char kEntries016_3[] = { 253, 254 };
const unsigned char kEntries016_4[] = { 254 };
const unsigned char kEntries016_5[] = { 251 };
const unsigned char kEntries016_6[] = { 250, 251 };
const unsigned char kEntries016_7[] = { 248, 253, 254 };
const unsigned char kEntries016_8[] = { 218, 220 };
const unsigned char kEntries016_9[] = { 249, 250 };
const unsigned char kEntries016_10[] = { 249, 250, 251 };
const unsigned char kEntries016_11[] = { 249 };
const unsigned char kEntries016_12[] = { 248, 250, 251 };
const unsigned char kEntries016_13[] = { 249, 250, 251, 252 };
const unsigned char kEntries016_14[] = { 251, 252 };
const unsigned char kEntries016_15[] = { 248, 250, 251, 252 };
const unsigned char kEntries016_16[] = { 250 };

const Row kEffects016[] = {
	{ 58, "", "", "", kEntries016_0, 3 },
	{ 87, "PowIconEffOn", "", "PowIconSword, PowIconShield", nullptr, 0 },
	{ 88, "PowIconEffOff", "", "PowIconSword, PowIconShield", nullptr, 0 },
	{ 101, "", "", "", kEntries016_1, 4 },
	{ 102, "", "", "", kEntries016_2, 3 },
	{ 103, "", "\xe7\xab\x8b\xe3\x81\xa1\xe5\xbc\xb7", "StdC_End", kEntries016_3, 2 },
	{ 105, "", "", "", kEntries016_4, 1 },
	{ 106, "", "", "", kEntries016_0, 3 },
	{ 107, "", "", "", nullptr, 0 },
	{ 108, "", "", "AirB_End", kEntries016_3, 2 },
	{ 109, "", "", "AirC_End", kEntries016_5, 1 },
	{ 110, "", "\xe3\x81\x9f\xe3\x82\x81\xe7\xab\x8b\xe3\x81\xa1\xe5\xbc\xb7", "", kEntries016_3, 2 },
	{ 111, "", "\xe7\x82\x8e\xe7\x89\x87", "", kEntries016_6, 2 },
	{ 112, "", "\xe3\x81\x9f\xe3\x82\x81\x4a\x43", "", kEntries016_5, 1 },
	{ 113, "", "\xe7\xab\x8b\xe3\x81\xa1\xe5\xbc\xb7", "", kEntries016_7, 3 },
	{ 115, "", "", "", kEntries016_5, 1 },
	{ 116, "", "\xe3\x81\x9f\xe3\x82\x81\x4a\x42", "", kEntries016_3, 2 },
	{ 117, "", "\xe6\x8a\x95\xe3\x81\x92\xe6\x88\x90\xe7\xab\x8b", "", nullptr, 0 },
	{ 119, "", "", "", kEntries016_6, 2 },
	{ 120, "", "\xe3\x81\x9f\xe3\x82\x81\xe7\xab\x8b\xe3\x81\xa1\xe5\xbc\xb7", "", kEntries016_7, 3 },
	{ 136, "", "", "3C", kEntries016_0, 3 },
	{ 141, "", "", "6C", kEntries016_8, 2 },
	{ 146, "", "", "6B", kEntries016_6, 2 },
	{ 147, "", "", "6B", kEntries016_5, 1 },
	{ 148, "", "", "", kEntries016_9, 2 },
	{ 149, "", "", "", kEntries016_6, 2 },
	{ 151, "", "", "J2C", kEntries016_10, 3 },
	{ 152, "", "", "J2C", kEntries016_11, 1 },
	{ 157, "", "", "421A, 421A_Hit", kEntries016_11, 1 },
	{ 158, "", "\xe8\xb8\x8f\xe3\x81\xbf\xe3\x81\xa4\xe3\x81\x91\xe7\x88\x86\xe7\xa0\xb4", "421A_Hit, 421A_HitPow", kEntries016_12, 3 },
	{ 159, "", "\xe8\xb8\x8f\xe3\x81\xbf\xe3\x81\xa4\xe3\x81\x91\xe7\x88\x86\xe7\xa0\xb4", "421A_Hit, 421A_HitPow", kEntries016_12, 3 },
	{ 161, "", "\xe3\x83\x96\xe3\x83\xac\xe3\x83\xbc\xe3\x83\x89", "B+C_End", kEntries016_3, 2 },
	{ 162, "", "\xe3\x83\x96\xe3\x83\xac\xe3\x83\xbc\xe3\x83\x89\xe5\xa4\xa7", "B+C", kEntries016_3, 2 },
	{ 171, "", "\xe5\x88\x9d\xe6\xae\xb5", "PowThrow, 623B", kEntries016_6, 2 },
	{ 172, "", "\xe4\xba\x8c\xe6\xae\xb5\xe7\x9b\xae", "PowThrow, 623B", kEntries016_13, 4 },
	{ 173, "", "\xe5\x88\x9d\xe6\xae\xb5\x45\x58", "623EX", kEntries016_6, 2 },
	{ 174, "", "\xe4\xba\x8c\xe6\xae\xb5\xe7\x9b\xae\x45\x58", "623EX", kEntries016_13, 4 },
	{ 175, "", "\x36\x32\x33\x41\xe5\x88\x9d\xe6\xae\xb5", "623A", kEntries016_6, 2 },
	{ 176, "", "\x36\x32\x33\x41\xe4\xba\x8c\xe6\xae\xb5\xe7\x9b\xae", "623A", kEntries016_13, 4 },
	{ 203, "", "\x32\x33\x36\x45\x58\xe3\x81\xa8\xe3\x81\xa9\xe3\x82\x81", "", kEntries016_10, 3 },
	{ 220, "", "\xe3\x82\xab\xe3\x83\xa1\xe3\x83\xa9\xe5\xbc\x95\xe3\x81\x8f\xe6\x99\x82\x42\x47", "IWETL", nullptr, 0 },
	{ 224, "", "\x42\x47\xe7\x88\x86\xe7\x99\xba\xe6\x98\x8e\xe3\x82\x8b\xe3\x81\x8f", "", nullptr, 0 },
	{ 229, "", "\xe8\x90\xbd\xe9\x9b\xb7\xe8\xa1\x9d\xe6\x92\x83", "", nullptr, 0 },
	{ 230, "", "\xe7\x88\x86\xe7\x99\xba\xe3\x82\xb7\xe3\x83\xbc\xe3\x83\xb3\xe5\x88\x87\xe3\x82\x8a\xe6\x9b\xbf\xe3\x81\x88", "IWEXIST_Hit", nullptr, 0 },
	{ 231, "", "", "IWETL", nullptr, 0 },
	{ 232, "", "\xe8\x90\xbd\xe9\x9b\xb7", "LastGareki", nullptr, 0 },
	{ 233, "", "\xe3\x83\xac\xe3\x83\xbc\xe3\x82\xb6\xe3\x83\xbc", "", nullptr, 0 },
	{ 234, "", "\xe8\xb6\x85\xe3\x83\xac\xe3\x83\xbc\xe3\x82\xb6\xe3\x83\xbc", "", nullptr, 0 },
	{ 237, "", "\xe6\x9c\x80\xe5\xbe\x8c\xe6\x89\x8b\xe5\x89\x8d\xe3\x82\xac\xe3\x83\xac\xe3\x82\xad", "", nullptr, 0 },
	{ 285, "", "\xe5\xa4\x9a\xe6\xae\xb5\xe8\xa6\x8b\xe3\x81\x9f\xe7\x9b\xae", "AirTrustHit, AirTrustPowHit", nullptr, 0 },
	{ 286, "", "\xe5\xa4\x9a\xe6\xae\xb5\xe8\xa6\x8b\xe3\x81\x9f\xe7\x9b\xae", "AirTrustHitEX", nullptr, 0 },
	{ 381, "", "\xe6\xae\x8b\xe3\x82\x8a\x65\x66\x66", "", kEntries016_6, 2 },
	{ 382, "", "\xe3\x81\x8a\xe3\x81\x84\xe3\x81\xa6\xe3\x81\x8f", "eff_Tackle, eff_Tackle_Pow", kEntries016_14, 2 },
	{ 393, "eff_Tackle_Pow", "\xe5\xbc\xb7\xe5\x8c\x96\xe3\x82\xbf\xe3\x83\x83\xe3\x82\xaf\xe3\x83\xab\xe3\x83\xab\xe3\x83\xbc\xe3\x83\x97\x65\x66\x66", "214EX", kEntries016_10, 3 },
	{ 394, "", "\xe5\xbc\xb7\xe5\x8c\x96\xe3\x82\xbf\xe3\x83\x83\xe3\x82\xaf\xe3\x83\xab\xe6\xae\x8b\xe3\x82\x8a\x65\x66\x66", "", kEntries016_6, 2 },
	{ 399, "", "\xe3\x81\x9f\xe3\x82\x81\x4a\x43", "SSRelayAtk", kEntries016_5, 1 },
	{ 405, "", "", "", kEntries016_6, 2 },
	{ 406, "", "", "", kEntries016_7, 3 },
	{ 407, "", "", "", kEntries016_3, 2 },
	{ 408, "", "\xe3\x83\x80\xe3\x83\x83\xe3\x82\xb7\xe3\x83\xa5\x42\xe5\xbc\xb7\xe5\x8c\x96\xe3\x82\xa8\xe3\x83\x95\xe3\x82\xa7\xe3\x82\xaf\xe3\x83\x88", "", nullptr, 0 },
	{ 409, "", "\xe3\x83\x80\xe3\x83\x83\xe3\x82\xb7\xe3\x83\xa5\x43\xe5\xbc\xb7\xe5\x8c\x96\xe3\x82\xa8\xe3\x83\x95\xe3\x82\xa7\xe3\x82\xaf\xe3\x83\x88", "", nullptr, 0 },
	{ 410, "", "", "", kEntries016_3, 2 },
	{ 430, "", "\xe9\xa3\x9b\xe3\x81\xb3\xe4\xb8\x8a\xe3\x81\x8c\xe3\x82\x8a", "41236SP", kEntries016_15, 4 },
	{ 431, "", "\xe7\xbe\xbd", "41236SP, 41236SP_Hit", kEntries016_13, 4 },
	{ 432, "", "\xe7\xbe\xbd", "41236SP, 41236SP_Hit", nullptr, 0 },
	{ 433, "", "\xe7\xbe\xbd\xe6\xb6\x88\xe6\xbb\x85", "", kEntries016_16, 1 },
	{ 434, "", "\xe7\xbe\xbd\xe6\xb6\x88\xe6\xbb\x85", "", nullptr, 0 },
	{ 441, "", "\xe3\x83\x95\xe3\x82\xa3\xe3\x83\x8b\xe3\x83\x83\xe3\x82\xb7\xe3\x83\xa5", "41236SP_Hit", nullptr, 0 },
	{ 455, "", "\xe7\x82\x8e\xe3\x83\x96\xe3\x83\xac\xe3\x83\xbc\xe3\x83\x89", "JB+C_End", nullptr, 0 },
	{ 456, "", "\xe7\x82\x8e\xe3\x83\x96\xe3\x83\xac\xe3\x83\xbc\xe3\x83\x89\x42\x45", "JB+C", nullptr, 0 },
	{ 464, "", "\xe3\x83\x96\xe3\x83\xac\xe3\x83\xbc\xe3\x83\x89", "0606B+C", nullptr, 0 },
};

const unsigned char kEntries017_0[] = { 249, 250, 251 };
const unsigned char kEntries017_1[] = { 250, 251, 252 };
const unsigned char kEntries017_2[] = { 249, 251, 252, 253 };
const unsigned char kEntries017_3[] = { 249, 251 };
const unsigned char kEntries017_4[] = { 249, 250 };
const unsigned char kEntries017_5[] = { 251, 253 };
const unsigned char kEntries017_6[] = { 248 };
const unsigned char kEntries017_7[] = { 249, 250, 252 };
const unsigned char kEntries017_8[] = { 252 };
const unsigned char kEntries017_9[] = { 249, 250, 251, 253 };
const unsigned char kEntries017_10[] = { 249, 250, 251, 252 };
const unsigned char kEntries017_11[] = { 251, 252 };
const unsigned char kEntries017_12[] = { 250, 251 };
const unsigned char kEntries017_13[] = { 249, 250, 251, 252, 253 };
const unsigned char kEntries017_14[] = { 249 };
const unsigned char kEntries017_15[] = { 249, 252 };
const unsigned char kEntries017_16[] = { 130, 254 };
const unsigned char kEntries017_17[] = { 130 };
const unsigned char kEntries017_18[] = { 237, 249 };
const unsigned char kEntries017_19[] = { 237 };
const unsigned char kEntries017_20[] = { 248, 250, 251 };
const unsigned char kEntries017_21[] = { 249, 253 };
const unsigned char kEntries017_22[] = { 248, 250 };
const unsigned char kEntries017_23[] = { 250, 253 };
const unsigned char kEntries017_24[] = { 248, 249, 250 };

const Row kEffects017[] = {
	{ 75, "", "", "", kEntries017_0, 3 },
	{ 76, "", "", "", kEntries017_1, 3 },
	{ 77, "", "", "", kEntries017_2, 4 },
	{ 78, "", "", "", kEntries017_1, 3 },
	{ 79, "", "", "", kEntries017_1, 3 },
	{ 80, "", "2C", "CroC_End", kEntries017_3, 2 },
	{ 81, "", "", "", nullptr, 0 },
	{ 82, "", "", "", kEntries017_4, 2 },
	{ 83, "", "", "", kEntries017_5, 2 },
	{ 84, "", "\xe6\x8a\x95\xe3\x81\x92", "", kEntries017_6, 1 },
	{ 85, "", "\xe6\x8a\x95\xe3\x81\x92", "SSRelayAtk, StdCAddC_AddC, CircleEX_Hit", kEntries017_6, 1 },
	{ 86, "", "\xe5\x8b\x9d\xe5\x88\xa9", "", kEntries017_7, 3 },
	{ 87, "", "\xe5\x8b\x9d\xe5\x88\xa9", "", kEntries017_8, 1 },
	{ 88, "", "\xe3\x81\x9f\xe3\x82\x81\x32\x43", "", kEntries017_3, 2 },
	{ 90, "", "\xe6\xa7\x8b\xe3\x81\x88\xe3\x82\x82\xe3\x82\x84\x31", "", kEntries017_4, 2 },
	{ 91, "", "\xe6\xa7\x8b\xe3\x81\x88\xe3\x82\x82\xe3\x82\x84\x32", "", kEntries017_1, 3 },
	{ 94, "", "\xe5\x91\xbc\xe5\x90\xb8\xe3\x82\x82\xe3\x82\x84", "", kEntries017_1, 3 },
	{ 96, "", "\xe8\xa1\x9d\xe6\x92\x83", "StdC_End, StdBBB_AddC", kEntries017_9, 4 },
	{ 101, "", "\xe5\xbc\x95\xe3\x81\x8d\xe3\x83\x91\xe3\x83\xb3\xe3\x83\x81\xe8\xa1\x9d\xe6\x92\x83", "4C, StdBAddB_AddB", kEntries017_0, 3 },
	{ 102, "", "\xe5\xbc\x95\xe3\x81\x8d\xe3\x83\x91\xe3\x83\xb3\xe3\x83\x81\xe3\x82\x82\xe3\x82\x84", "4C, StdBAddB_AddB", kEntries017_10, 4 },
	{ 103, "", "\xe5\xbc\x95\xe3\x81\x8d\xe3\x83\x91\xe3\x83\xb3\xe3\x83\x81", "4C, StdBAddB_AddB", kEntries017_11, 2 },
	{ 112, "", "\x36\x43\xe3\x81\x8b\xe3\x81\x8b\xe3\x81\xa8\xe3\x83\x96\xe3\x83\xac\xe3\x83\xbc\xe3\x83\x89", "6C", kEntries017_7, 3 },
	{ 113, "", "\xe8\xa1\x9d\xe6\x92\x83", "6C", kEntries017_1, 3 },
	{ 114, "", "\xe3\x82\xa4\xe3\x83\xb3\xe3\x82\xaf\xe3\x83\xaa\xe3\x83\xbc\xe3\x82\xb9\xe8\xa1\x9d\xe6\x92\x83", "6C", kEntries017_1, 3 },
	{ 117, "", "", "C_Hit", kEntries017_12, 2 },
	{ 118, "", "\xe2\x80\xbb\xe7\x9b\xb8\xe6\x89\x8b\xe3\x81\xae\xe4\xbd\x8d\xe7\xbd\xae\xe3\x81\xb8", "C_Hit", kEntries017_13, 5 },
	{ 121, "", "\xe8\xb9\xb4\xe3\x82\x8a\xe4\xb8\x8a\xe3\x81\x92\x31", "623A, 623B, 623EX", nullptr, 0 },
	{ 122, "", "\xe8\xb9\xb4\xe3\x82\x8a\xe4\xb8\x8a\xe3\x81\x92\x32", "623A, 623B, 623EX", kEntries017_8, 1 },
	{ 134, "", "\xe5\x9b\x9e\xe8\xbb\xa2\xe3\x82\xa8\xe3\x83\x95\xe3\x82\xa7\xe3\x82\xaf\xe3\x83\x88", "B+C", nullptr, 0 },
	{ 149, "", "\xe3\x83\x91\xe3\x83\xb3\xe3\x83\x81\xe8\xa1\x9d\xe6\x92\x83\xef\xbc\x88\x49\x43\x32\x33\x36\x42\xef\xbc\x89", "236B", kEntries017_14, 1 },
	{ 150, "", "\xe3\x81\xa4\xe3\x81\x8d\xe6\xae\x8b\xe5\x83\x8f", "236A, 236B, 236EX", kEntries017_15, 2 },
	{ 151, "", "", "236_AddA, SSRelayAtk, StdC_AddC", kEntries017_16, 2 },
	{ 152, "", "", "236_AddA_Add", kEntries017_17, 1 },
	{ 153, "", "\xe3\x83\x91\xe3\x83\xb3\xe3\x83\x81\xe8\xa1\x9d\xe6\x92\x83", "236A, 236B, 236EX", kEntries017_14, 1 },
	{ 154, "", "\xe3\x83\x91\xe3\x83\xb3\xe3\x83\x81\xe8\xa1\x9d\xe6\x92\x83", "236_AddA, SSRelayAtk, StdC_AddC", kEntries017_14, 1 },
	{ 155, "", "\xe3\x83\x91\xe3\x83\xb3\xe3\x83\x81\xe8\xa1\x9d\xe6\x92\x83", "236_AddA_Add", kEntries017_18, 2 },
	{ 156, "", "", "236A, 236B, 236EX", kEntries017_19, 1 },
	{ 157, "", "", "236_AddA, SSRelayAtk, StdC_AddC", kEntries017_19, 1 },
	{ 158, "", "", "236_AddA_Add", kEntries017_20, 3 },
	{ 159, "", "", "236_AddB", kEntries017_14, 1 },
	{ 160, "", "", "236_AddB_Add", kEntries017_4, 2 },
	{ 161, "", "236EX1", "236EX", nullptr, 0 },
	{ 162, "", "236EX2", "236EX", nullptr, 0 },
	{ 164, "", "\xe8\xa6\x8b\xe5\x88\x87\xe3\x82\x8a\xe8\xb9\xb4\xe3\x82\x8a\xe4\xb8\x8a\xe3\x81\x92\xe3\x83\x96\xe3\x83\xac\xe3\x83\xbc\xe3\x83\x89", "214EX_MikiriHit", kEntries017_21, 2 },
	{ 167, "", "\xe8\xb9\xb4\xe3\x82\x8a\xe4\xb8\x8a\xe3\x81\x92\xe3\x83\x96\xe3\x83\xac\xe3\x83\xbc\xe3\x83\x89", "214EX_Hit", kEntries017_21, 2 },
	{ 173, "", "\xe5\xbd\x93\xe8\xba\xab\xe5\x90\xb8\xe3\x81\x84\xe5\xaf\x84\xe3\x81\x9b", "214A_Catch, 214B_Catch", nullptr, 0 },
	{ 179, "", "\xe6\x8c\xaf\xe3\x82\x8a\xe6\x89\x95\xe3\x81\x84", "214A_Catch, 214B_Catch", kEntries017_11, 2 },
	{ 183, "", "\x42\xe5\xbd\x93\xe8\xba\xab\xe7\x99\xba\xe5\x8b\x95\xe3\x82\xa8\xe3\x83\x95\xe3\x82\xa7\xe3\x82\xaf\xe3\x83\x88", "214B", kEntries017_11, 2 },
	{ 192, "", "", "3C_End", nullptr, 0 },
	{ 193, "", "", "3C", nullptr, 0 },
	{ 203, "", "", "623EX, JC_JC", kEntries017_1, 3 },
	{ 205, "", "\xe3\x82\xa2\xe3\x83\x83\xe3\x83\x97\xe5\x88\x87\xe3\x82\x8a\xe6\x9b\xbf\xe3\x82\x8f\xe3\x82\x8a", "", nullptr, 0 },
	{ 206, "", "\xe3\x82\xa2\xe3\x83\x83\xe3\x83\x97\xe5\x88\x87\xe3\x82\x8a\xe6\x9b\xbf\xe3\x82\x8f\xe3\x82\x8a", "", nullptr, 0 },
	{ 207, "", "\xe6\xae\xb4\xe3\x81\xa3\xe3\x81\x9f\x42\x47", "", nullptr, 0 },
	{ 208, "", "\xe3\x82\xa2\xe3\x83\x83\xe3\x83\x97\xe3\x81\xbe\xe3\x81\xa7\x42\x47\xe7\xb6\x99\xe7\xb6\x9a\xe3\x83\xbb\xe6\x8f\xba\xe3\x82\x8c", "", nullptr, 0 },
	{ 209, "", "\xe3\x82\xa2\xe3\x83\x83\xe3\x83\x97\xe3\x81\xbe\xe3\x81\xa7\x42\x47\xe3\x83\xbb\xe6\x8f\xba\xe3\x82\x8c", "IWEXIST_Hit", nullptr, 0 },
	{ 210, "", "\xe3\x82\xa2\xe3\x83\x83\xe3\x83\x97\xe8\x83\x8c\xe6\x99\xaf\xe3\x83\xbb\xe6\x8f\xba\xe3\x82\x8c", "", nullptr, 0 },
	{ 211, "", "\xe3\x82\xa2\xe3\x83\x83\xe3\x83\x97\xe3\x82\xae\xe3\x83\xa5\xe3\x83\xb3\xe3\x82\xae\xe3\x83\xa5\xe3\x83\xb3", "", nullptr, 0 },
	{ 212, "", "\xe3\x82\xa2\xe3\x83\x83\xe3\x83\x91\xe3\x83\xbc", "", nullptr, 0 },
	{ 213, "", "\xe3\x82\xa2\xe3\x83\x83\xe3\x83\x91\xe3\x83\xbc\xe8\xa1\x9d\xe6\x92\x83", "", nullptr, 0 },
	{ 214, "", "\xe8\x83\x8c\xe6\x99\xaf\xe3\x81\xb2\xe3\x81\xb3\xe5\x89\xb2\xe3\x82\x8c", "", nullptr, 0 },
	{ 215, "", "\xe8\x85\x95\xe7\xa0\xb4\xe5\xa3\x8a", "IWEXIST_Hit", nullptr, 0 },
	{ 216, "", "\xe6\x8d\x95\xe7\xb8\x9b\xe6\x99\x82\xe3\x81\xae\xe6\x89\x8b", "", nullptr, 0 },
	{ 218, "", "\xe8\x83\x8c\xe6\x99\xaf\xe7\x88\x86\xe7\x99\xba", "", nullptr, 0 },
	{ 219, "", "\xe8\x83\x8c\xe6\x99\xaf\xe7\x88\x86\xe7\x99\xba", "", nullptr, 0 },
	{ 234, "", "\xe7\x99\xba\xe5\xb0\x84", "41236SP", kEntries017_22, 2 },
	{ 243, "", "\xe9\xa3\x9b\xe3\x81\xb3\xe9\x81\x93\xe5\x85\xb7\xe6\xb6\x88\xe3\x81\x88\xe3\x82\x8b\xe8\xa6\x8b\xe3\x81\x9f\xe7\x9b\xae", "IWTama", kEntries017_0, 3 },
	{ 244, "", "\xe9\xa3\x9b\xe3\x81\xb3\xe9\x81\x93\xe5\x85\xb7\xe8\xa6\x8b\xe3\x81\x9f\xe7\x9b\xae", "IWTama", kEntries017_23, 2 },
	{ 245, "", "\xe9\x9b\x86\xe4\xb8\xad", "", kEntries017_24, 3 },
	{ 246, "", "\xe6\x9c\x80\xe5\x88\x9d\xe3\x81\xae\xe9\x9b\x86\xe4\xb8\xad", "41236SP_Hit", nullptr, 0 },
	{ 405, "", "", "", kEntries017_10, 4 },
	{ 424, "", "", "StdB_AddB", kEntries017_10, 4 },
	{ 432, "", "", "CroC_AddC", kEntries017_11, 2 },
	{ 453, "", "\xe3\x80\x80\xe8\xa1\x9d\xe6\x92\x83\xe6\xb3\xa2", "0202A", kEntries017_3, 2 },
	{ 454, "", "\xe3\x80\x80\xe8\xa1\x9d\xe6\x92\x83\xe6\xb3\xa2", "0202B_End", kEntries017_3, 2 },
	{ 457, "", "\xe3\x80\x80\xe5\xbc\xb7\xe5\x8c\x96\xe8\xa1\x9d\xe6\x92\x83\xe6\xb3\xa2", "0202B", kEntries017_3, 2 },
	{ 472, "", "\xe8\xa1\x9d\xe6\x92\x83\xe6\xb3\xa2", "CircleEX_Hit", nullptr, 0 },
	{ 473, "", "\xe3\x80\x80\xe6\x97\x8b\xe9\xa2\xa8", "", nullptr, 0 },
	{ 493, "", "\xe9\x80\x9a\xe5\xb8\xb8\xe6\x99\x82\xe3\x82\xa8\xe3\x83\x95\xe3\x82\xa7\xe3\x82\xaf\xe3\x83\x88", "2+B+C_End", nullptr, 0 },
	{ 494, "", "\x42\x45\xe6\x99\x82\xe3\x82\xa8\xe3\x83\x95\xe3\x82\xa7\xe3\x82\xaf\xe3\x83\x88", "2+B+C", nullptr, 0 },
};

const unsigned char kEntries018_0[] = { 251 };
const unsigned char kEntries018_1[] = { 250, 251 };
const unsigned char kEntries018_2[] = { 46, 251 };
const unsigned char kEntries018_3[] = { 250 };
const unsigned char kEntries018_4[] = { 233 };

const Row kEffects018[] = {
	{ 2, "", "\xe7\xab\x8b\xe3\x81\xa1\xe4\xb8\xad\xe6\x94\xbb\xe6\x92\x83", "B_B", nullptr, 0 },
	{ 5, "", "\xe3\x81\x97\xe3\x82\x83\xe3\x81\x8c\xe3\x81\xbf\xe4\xb8\xad\xe6\x94\xbb\xe6\x92\x83", "41236SP, 41236SP_Hit", nullptr, 0 },
	{ 44, "", "\xef\xbc\x88\xe7\x99\xbb\xe5\xa0\xb4\xef\xbc\x89\xe6\x9d\x96\xe5\x9b\x9e\xe8\xbb\xa2", "", nullptr, 0 },
	{ 47, "", "\xef\xbc\x88\xe7\x99\xbb\xe5\xa0\xb4\xef\xbc\x89\xe7\xbe\xbd\xe7\x99\xba\xe5\x85\x89", "", nullptr, 0 },
	{ 48, "", "\xef\xbc\x88\xe7\x99\xbb\xe5\xa0\xb4\xef\xbc\x89\xe3\x83\xaa\xe3\x82\xa2\xe3\x82\xaf\xe3\x82\xbf\xe3\x83\xbc\xe7\x99\xba\xe5\x85\x89\xe2\x86\x92\xe6\x97\x8b\xe5\x9b\x9e", "", nullptr, 0 },
	{ 49, "", "\xef\xbc\x88\xe7\x99\xbb\xe5\xa0\xb4\xef\xbc\x89\xe3\x83\xaa\xe3\x82\xa2\xe3\x82\xaf\xe3\x82\xbf\xe3\x83\xbc\xe5\xb1\x95\xe9\x96\x8b", "", nullptr, 0 },
	{ 54, "", "\xe5\x8b\x9d\xe5\x88\xa9\xe6\x9d\x96\xe5\x9b\x9e\xe8\xbb\xa2", "", nullptr, 0 },
	{ 58, "", "\xe6\x9d\x96\xe7\x99\xba\xe5\x85\x89", "", nullptr, 0 },
	{ 64, "", "\xef\xbc\x88\xe5\x8b\x9d\xe5\x88\xa9\xef\xbc\x89\xe3\x83\xaa\xe3\x82\xa2\xe3\x82\xaf\xe3\x82\xbf\xe3\x83\xbc\xe5\x8f\x8e\xe7\xb4\x8d\xe5\x85\x89", "", nullptr, 0 },
	{ 65, "", "\xef\xbc\x88\xe5\x8b\x9d\xe5\x88\xa9\xef\xbc\x89\xe6\xb0\xb7\xe3\x81\xae\xe8\x8a\xb1", "", nullptr, 0 },
	{ 72, "Eff_Walk", "", "SSRelayAtk, 214B, 214_AddB, 214_Add_AddB", nullptr, 0 },
	{ 82, "", "\xe6\x94\xbe\xe3\x82\x8a\xe6\x8a\x95\xe3\x81\x92\xe3\x82\x8b\xe6\x9d\x96", "", kEntries018_0, 1 },
	{ 90, "", "", "ForwardShift", nullptr, 0 },
	{ 91, "", "", "ForwardShift", nullptr, 0 },
	{ 101, "", "\xe7\xab\x8b\xe3\x81\xa1\x41", "", kEntries018_1, 2 },
	{ 103, "", "\xe7\xab\x8b\xe3\x81\xa1\x43", "", nullptr, 0 },
	{ 104, "", "2A", "", kEntries018_0, 1 },
	{ 105, "", "2B", "", kEntries018_2, 2 },
	{ 106, "", "2C", "", kEntries018_0, 1 },
	{ 107, "", "JA", "", nullptr, 0 },
	{ 108, "", "JB", "", kEntries018_3, 1 },
	{ 109, "", "JC", "AirC_End", nullptr, 0 },
	{ 112, "", "\xe3\x81\x9f\xe3\x82\x81\x4a\x43", "", nullptr, 0 },
	{ 115, "", "\xe3\x82\x82\xe3\x82\x84\xe6\xb1\x8e\xe7\x94\xa8", "Eff_BandC_Add", nullptr, 0 },
	{ 116, "", "\xe3\x82\x82\xe3\x82\x84\xe6\xa8\xaa\xe9\x95\xb7", "Eff_4C, 3C", nullptr, 0 },
	{ 150, "", "", "3C", nullptr, 0 },
	{ 153, "", "J6B", "J6B_End", kEntries018_0, 1 },
	{ 154, "", "iJ6B", "J6B", kEntries018_0, 1 },
	{ 166, "", "", "B+C", kEntries018_0, 1 },
	{ 172, "", "\x32\x33\x36\x5f\x42\x61\x6b\x75\x68\x61\xe8\xa6\x8b\xe3\x81\x9f\xe7\x9b\xae", "236B_Bakuha", nullptr, 0 },
	{ 182, "", "\xe7\xbd\xae\xe3\x81\x84\xe3\x81\xa6\xe3\x81\x8f\xe7\xa0\xb4\xe7\x89\x87\x41", "FB_236A", kEntries018_0, 1 },
	{ 183, "", "\xe7\xbd\xae\xe3\x81\x84\xe3\x81\xa6\xe3\x81\x8f\xe7\xa0\xb4\xe7\x89\x87\x42", "FB_236B", kEntries018_0, 1 },
	{ 184, "", "\xe7\xbd\xae\xe3\x81\x84\xe3\x81\xa6\xe3\x81\x8f\xe7\xa0\xb4\xe7\x89\x87\x45\x58", "FB_236EX", kEntries018_0, 1 },
	{ 194, "", "", "236A, 236B, 236EX", kEntries018_0, 1 },
	{ 213, "", "\xe6\x9d\x96\xe7\x99\xba\xe5\x8b\x95", "41236SP", nullptr, 0 },
	{ 214, "", "\xe6\x9d\x96\xe3\x83\x94\xe3\x82\xab\xe3\x83\x94\xe3\x82\xab", "41236SP", nullptr, 0 },
	{ 217, "", "\xe6\x9d\x96\xe5\x9b\x9e\xe8\xbb\xa2", "41236SP", nullptr, 0 },
	{ 227, "", "\xe5\x9b\x9e\xe8\xbb\xa2\xe6\x9d\x96", "IWEXIST_End", nullptr, 0 },
	{ 229, "", "\xe7\xaa\x81\xe3\x81\x8d", "IWEXIST_Hit", kEntries018_3, 1 },
	{ 231, "", "\xe6\x9d\x96\xe9\x9b\x86\xe4\xb8\xad\xef\xbc\x88\xe8\xa6\xaa\xe3\x81\xa8\xe3\x83\x87\xe3\x82\xa3\xe3\x83\xac\xe3\x82\xa4\xef\xbc\x89", "IWEXIST_Hit", nullptr, 0 },
	{ 232, "", "\xe8\xa6\xaa\xe3\x81\xa8\xe3\x83\x87\xe3\x82\xa3\xe3\x83\xac\xe3\x82\xa4\xe3\x82\x92\xe6\x8f\x83\xe3\x81\x88\xe3\x82\x8b", "IWEXIST_Hit", nullptr, 0 },
	{ 233, "", "\xe3\x81\xa4\xe3\x81\x84\xe3\x81\xa6\xe5\x85\x89\xe3\x82\x8b", "IWEXIST_Hit", nullptr, 0 },
	{ 237, "", "", "Eff_IWE_Cross", nullptr, 0 },
	{ 240, "", "\xe4\xb8\xad\xe9\x80\x9f\xe8\x90\xbd\xe4\xb8\x8b", "Eff_IWE_SnowFlow", nullptr, 0 },
	{ 241, "", "\xe9\xab\x98\xe9\x80\x9f\xe8\x90\xbd\xe4\xb8\x8b", "", nullptr, 0 },
	{ 282, "", "\xe6\xb0\xb7\xe6\xbb\x91\xe3\x82\x8a", "214_AddB", kEntries018_3, 1 },
	{ 385, "", "\xe3\x83\x93\xe3\x83\xbc\xe3\x83\xa0\xe8\xa6\x8b\xe3\x81\x9f\xe7\x9b\xae", "Beam_Atk", kEntries018_4, 1 },
	{ 397, "", "\xe4\xb8\x8a\xe6\xae\xb5", "SSRelayAtk", kEntries018_1, 2 },
	{ 398, "", "\xe4\xb8\xad\xe6\xae\xb5\x31", "SSRelayAtk", kEntries018_0, 1 },
	{ 399, "", "\xe4\xb8\xad\xe6\xae\xb5\x32", "", kEntries018_3, 1 },
	{ 400, "", "", "", kEntries018_3, 1 },
	{ 404, "", "\xe3\x83\x80\xe3\x83\x83\xe3\x82\xb7\xe3\x83\xa5\x42", "", kEntries018_3, 1 },
	{ 405, "", "\xe3\x83\x80\xe3\x83\x83\xe3\x82\xb7\xe3\x83\xa5\x43", "", kEntries018_0, 1 },
	{ 426, "", "\xe6\xb0\xb7\xe5\xba\x8a\xe8\xa8\xad\xe7\xbd\xae\xe3\x81\x99\xe3\x82\x8b\xe6\x9d\x96", "FlyingScepter", nullptr, 0 },
	{ 446, "", "\xe6\xb0\xb7\xe6\x9f\xb1\xe3\x83\x91\xe3\x83\xbc\xe3\x83\x86\xe3\x82\xa3\xe3\x82\xaf\xe3\x83\xab", "IcePillar", nullptr, 0 },
	{ 447, "", "\xe6\xb0\xb7\xe6\x9f\xb1\xe3\x83\x91\xe3\x83\xbc\xe3\x83\x86\xe3\x82\xa3\xe3\x82\xaf\xe3\x83\xab\xef\xbc\x88\xe5\xa4\xa7\xef\xbc\x89", "IcePillarEX", nullptr, 0 },
	{ 490, "", "\x32\x31\x34\x42\xe6\xae\x8b\xe5\x83\x8f", "214B, 214_AddB, 214_Add_AddB", nullptr, 0 },
	{ 491, "", "\xe6\xb0\xb7\xe6\xbb\x91\xe3\x82\x8a", "SSRelayAtk, 214A, 214_AddA, 214_Add_AddA, 214B, 214_AddB, 214_Add_AddB, 214_AddD, 214_Add_AddD", kEntries018_3, 1 },
};

const unsigned char kEntries019_0[] = { 252, 253 };
const unsigned char kEntries019_1[] = { 251, 252 };
const unsigned char kEntries019_2[] = { 252, 253, 254 };
const unsigned char kEntries019_3[] = { 230 };
const unsigned char kEntries019_4[] = { 214 };
const unsigned char kEntries019_5[] = { 253, 254 };
const unsigned char kEntries019_6[] = { 254 };
const unsigned char kEntries019_7[] = { 253 };
const unsigned char kEntries019_8[] = { 230, 250 };
const unsigned char kEntries019_9[] = { 1, 209 };
const unsigned char kEntries019_10[] = { 252 };
const unsigned char kEntries019_11[] = { 250, 253 };
const unsigned char kEntries019_12[] = { 250, 251, 253, 254 };
const unsigned char kEntries019_13[] = { 250, 251 };

const Row kEffects019[] = {
	{ 58, "", "\xe6\x8a\x95\xe3\x81\x92\xe6\x89\x93\xe3\x81\xa1\xe4\xb8\x8a\xe3\x81\x92\xe3\x83\x96\xe3\x83\xac\xe3\x83\xbc\xe3\x83\x89", "", kEntries019_0, 2 },
	{ 59, "", "\xe6\x8a\x95\xe3\x81\x92\xe3\x83\x93\xe3\x82\xbf\xe3\x83\xbc\xe3\x83\xb3\xe3\x83\x96\xe3\x83\xac\xe3\x83\xbc\xe3\x83\x89", "", kEntries019_0, 2 },
	{ 62, "", "\xe6\x8a\x95\xe3\x81\x92\xe5\x8f\xa9\xe3\x81\x8d\xe3\x81\xa4\xe3\x81\x91\xe3\x82\xa8\xe3\x83\x95\xe3\x82\xa7\xe3\x82\xaf\xe3\x83\x88", "", kEntries019_1, 2 },
	{ 96, "", "\xe5\x8b\x9d\xe5\x88\xa9", "", nullptr, 0 },
	{ 98, "", "\xef\xbc\x88\xe5\x8b\x9d\xe3\x81\xa1\xe3\x82\xb7\xe3\x83\xaa\xe3\x82\xa2\xe3\x82\xb9\xef\xbc\x89\xe6\x89\x8b\xe7\x94\xb2\xe6\xb6\x88\xe6\xbb\x85", "", nullptr, 0 },
	{ 99, "", "\xef\xbc\x88\xe5\x8b\x9d\xe3\x81\xa1\xe3\x82\xb7\xe3\x83\xaa\xe3\x82\xa2\xe3\x82\xb9\xef\xbc\x89\xe7\x9b\xbe\xe6\xb6\x88\xe3\x81\x97", "", nullptr, 0 },
	{ 100, "", "\xe5\x8b\x9d\xe3\x81\xa1\xe7\x9b\xbe\xe6\x8e\xa5\xe5\x9c\xb0", "", kEntries019_0, 2 },
	{ 102, "", "\xe7\xab\x8b\xe3\x81\xa1\x42\xe3\x82\xa8\xe3\x83\x95\xe3\x82\xa7\xe3\x82\xaf\xe3\x83\x88", "", nullptr, 0 },
	{ 103, "", "\xe7\xab\x8b\xe3\x81\xa1\x43\xe3\x82\xa8\xe3\x83\x95\xe3\x82\xa7\xe3\x82\xaf\xe3\x83\x88", "", kEntries019_2, 3 },
	{ 105, "", "\xe3\x81\x97\xe3\x82\x83\xe3\x81\x8c\xe3\x81\xbf\x42\xe3\x82\xa8\xe3\x83\x95\xe3\x82\xa7\xe3\x82\xaf\xe3\x83\x88", "", kEntries019_3, 1 },
	{ 106, "", "\xe3\x81\x97\xe3\x82\x83\xe3\x81\x8c\xe3\x81\xbf\x43\xe3\x82\xa8\xe3\x83\x95\xe3\x82\xa7\xe3\x82\xaf\xe3\x83\x88", "CroC_End", kEntries019_4, 1 },
	{ 108, "", "\x4a\x42\xe3\x82\xa8\xe3\x83\x95\xe3\x82\xa7\xe3\x82\xaf\xe3\x83\x88", "", kEntries019_3, 1 },
	{ 109, "", "\x4a\x43\xe3\x82\xa8\xe3\x83\x95\xe3\x82\xa7\xe3\x82\xaf\xe3\x83\x88", "AirC_End", kEntries019_3, 1 },
	{ 118, "", "\xe3\x81\x9f\xe3\x82\x81\x4a\x43\xe3\x82\xa8\xe3\x83\x95\xe3\x82\xa7\xe3\x82\xaf\xe3\x83\x88", "", kEntries019_3, 1 },
	{ 141, "", "\xe7\x9b\xbe\xe6\x8e\xa5\xe5\x9c\xb0", "FFBase", kEntries019_0, 2 },
	{ 142, "", "\xe7\x81\xab\xe8\x8a\xb1\x30\xe3\x82\xa8\xe3\x83\x95\xe3\x82\xa7\xe3\x82\xaf\xe3\x83\x88", "FF_Dash, FF_AtkPush, FF_AtkSlide", kEntries019_5, 2 },
	{ 143, "", "\xe7\x81\xab\xe8\x8a\xb1\x31\xe3\x82\xa8\xe3\x83\x95\xe3\x82\xa7\xe3\x82\xaf\xe3\x83\x88", "FF_Dash, FF_AtkSlide", kEntries019_6, 1 },
	{ 144, "", "\xe7\x9b\xbe\xe6\x8a\xbc\xe3\x81\x97\xe3\x83\x96\xe3\x83\xac\xe3\x83\xbc\xe3\x83\x89", "FF_AtkPush", kEntries019_7, 1 },
	{ 145, "", "\xe5\x85\x89\xe3\x82\x8b\xe7\x9b\xbe", "FF_AtkPush", kEntries019_5, 2 },
	{ 153, "", "\x36\x43\xe3\x82\xa8\xe3\x83\x95\xe3\x82\xa7\xe3\x82\xaf\xe3\x83\x88", "6C_End, 6C", kEntries019_8, 2 },
	{ 156, "", "\x33\x43\xe3\x82\xa8\xe3\x83\x95\xe3\x82\xa7\xe3\x82\xaf\xe3\x83\x88", "3C", kEntries019_7, 1 },
	{ 163, "", "\x4a\x36\x43\xe3\x82\xa8\xe3\x83\x95\xe3\x82\xa7\xe3\x82\xaf\xe3\x83\x88", "J6C", kEntries019_3, 1 },
	{ 164, "", "\x4a\x32\x43\xe3\x82\xa8\xe3\x83\x95\xe3\x82\xa7\xe3\x82\xaf\xe3\x83\x88", "J2C, J2C_End", kEntries019_9, 2 },
	{ 165, "", "\x4a\x32\x43\xe7\x9d\x80\xe5\x9c\xb0\xe3\x82\xa8\xe3\x83\x95\xe3\x82\xa7\xe3\x82\xaf\xe3\x83\x88", "", kEntries019_1, 2 },
	{ 178, "", "\xe3\x81\x9f\xe3\x82\x81\x4a\x32\x33\x36\x42\xe3\x83\x96\xe3\x83\xac\xe3\x83\xbc\xe3\x83\x89", "J236B", nullptr, 0 },
	{ 179, "", "\xe3\x81\x9f\xe3\x82\x81\x4a\x32\x33\x36\x42\xe3\x82\xa8\xe3\x83\x95\xe3\x82\xa7\xe3\x82\xaf\xe3\x83\x88", "J236B", nullptr, 0 },
	{ 180, "", "\x4a\x32\x33\x36\x41\xe3\x83\x96\xe3\x83\xac\xe3\x83\xbc\xe3\x83\x89", "J236A", nullptr, 0 },
	{ 181, "", "\x4a\x32\x33\x36\x41\xe3\x82\xa8\xe3\x83\x95\xe3\x82\xa7\xe3\x82\xaf\xe3\x83\x88", "J236A", nullptr, 0 },
	{ 182, "", "\x4a\x32\x33\x36\x42\xe3\x83\x96\xe3\x83\xac\xe3\x83\xbc\xe3\x83\x89", "J236B_End", nullptr, 0 },
	{ 183, "", "\x4a\x32\x33\x36\x42\xe3\x82\xa8\xe3\x83\x95\xe3\x82\xa7\xe3\x82\xaf\xe3\x83\x88", "J236B_End", nullptr, 0 },
	{ 184, "", "\x4a\x32\x33\x36\x45\x58\xe3\x83\x96\xe3\x83\xac\xe3\x83\xbc\xe3\x83\x89", "J236EX", nullptr, 0 },
	{ 185, "", "\x4a\x32\x33\x36\x45\x58\xe3\x82\xa8\xe3\x83\x95\xe3\x82\xa7\xe3\x82\xaf\xe3\x83\x88", "J236EX", nullptr, 0 },
	{ 196, "", "\x32\x31\x34\x41\xe3\x82\xa8\xe3\x83\x95\xe3\x82\xa7\xe3\x82\xaf\xe3\x83\x88", "236A", kEntries019_0, 2 },
	{ 197, "", "\x32\x31\x34\x42\xe3\x82\xa8\xe3\x83\x95\xe3\x82\xa7\xe3\x82\xaf\xe3\x83\x88", "236B", kEntries019_0, 2 },
	{ 198, "", "\xe6\xb4\xbe\xe7\x94\x9f\xe3\x83\x97\xe3\x83\xac\xe3\x82\xb9\xe3\x83\x96\xe3\x83\xac\xe3\x83\xbc\xe3\x83\x89", "236_AddPress", kEntries019_0, 2 },
	{ 199, "", "\xe6\xb4\xbe\xe7\x94\x9f\xe3\x83\x97\xe3\x83\xac\xe3\x82\xb9\xe3\x82\xa8\xe3\x83\x95\xe3\x82\xa7\xe3\x82\xaf\xe3\x83\x88", "236_AddPress", kEntries019_7, 1 },
	{ 200, "", "\xe6\xb4\xbe\xe7\x94\x9f\xe9\xa3\x9b\xe3\x81\xb3\xe8\xb9\xb4\xe3\x82\x8a", "236_AddOverKick", kEntries019_5, 2 },
	{ 201, "", "\x32\x31\x34\x45\x58\xe3\x82\xa8\xe3\x83\x95\xe3\x82\xa7\xe3\x82\xaf\xe3\x83\x88", "236EX", kEntries019_0, 2 },
	{ 202, "", "\x32\x31\x34\x45\x58\xe3\x82\xa8\xe3\x83\x95\xe3\x82\xa7\xe3\x82\xaf\xe3\x83\x88\x28\xe6\x8c\x81\xe7\xb6\x9a\xe5\x89\x8d\xe5\x8d\x8a\xe3\x83\x92\xe3\x83\x83\xe3\x83\x88\x29", "", kEntries019_0, 2 },
	{ 203, "", "\x32\x31\x34\x45\x58\xe3\x82\xa8\xe3\x83\x95\xe3\x82\xa7\xe3\x82\xaf\xe3\x83\x88\x28\xe6\x8c\x81\xe7\xb6\x9a\xe5\xbe\x8c\xe5\x8d\x8a\xe3\x83\x92\xe3\x83\x83\xe3\x83\x88\x29", "236EX", kEntries019_10, 1 },
	{ 212, "", "\x49\x57\xe7\x9b\xbe\xe6\xb6\x88\xe3\x81\x97\xe3\x82\xa8\xe3\x83\x95\xe3\x82\xa7\xe3\x82\xaf\xe3\x83\x88", "41236SP", kEntries019_7, 1 },
	{ 213, "", "\x49\x57\xe3\x81\x9f\xe3\x82\x81\xe3\x82\xa8\xe3\x83\x95\xe3\x82\xa7\xe3\x82\xaf\xe3\x83\x88", "41236SP", kEntries019_0, 2 },
	{ 214, "", "\x49\x57\xe5\x9c\xb0\xe9\x9d\xa2\xe3\x83\x91\xe3\x83\xb3\xe3\x83\x81\xe3\x82\xa8\xe3\x83\x95\xe3\x82\xa7\xe3\x82\xaf\xe3\x83\x88", "41236SP, 41236SP_Hit", nullptr, 0 },
	{ 215, "", "\xe5\x9c\xb0\xe9\x9d\xa2\xe3\x81\x8c\xe5\x85\x89\xe3\x82\x8b", "41236SP, 41236SP_Hit", kEntries019_0, 2 },
	{ 216, "", "\xe7\x9f\xb3\xe6\x9f\xb1", "41236SP", kEntries019_11, 2 },
	{ 217, "", "\xe7\x9f\xb3\xe6\x9f\xb1\xe3\x83\x92\xe3\x83\x83\xe3\x83\x88\xe5\xbe\x8c", "41236SP_Hit", kEntries019_11, 2 },
	{ 218, "", "\xe6\xba\x9c\xe3\x82\x81", "41236SP_Hit", kEntries019_0, 2 },
	{ 220, "", "\xe7\xaa\x81\xe9\x80\xb2\xe3\x82\xa8\xe3\x83\x95\xe3\x82\xa7\xe3\x82\xaf\xe3\x83\x88", "41236SP_Hit", nullptr, 0 },
	{ 221, "", "\xe5\x90\xb9\xe3\x81\x8d\xe9\xa3\x9b\xe3\x81\xb0\xe3\x81\x97\xe3\x82\xa8\xe3\x83\x95\xe3\x82\xa7\xe3\x82\xaf\xe3\x83\x88", "41236SP_Hit", kEntries019_5, 2 },
	{ 222, "", "\xe7\xaa\x81\xe3\x81\x8d\xe5\x88\xba\xe3\x81\x97\xe7\x9b\xbe\xe6\xb6\x88\xe6\xbb\x85", "41236SP, 41236SP_Hit", nullptr, 0 },
	{ 232, "", "\xe3\x80\x80\xe3\x83\x80\xe3\x83\x83\xe3\x82\xb7\xe3\x83\xa5\xe3\x82\xa8\xe3\x83\x95\xe3\x82\xa7\xe3\x82\xaf\xe3\x83\x88", "", nullptr, 0 },
	{ 235, "", "\xe5\xb2\xa9\xe7\x94\x9f\xe6\x88\x90", "", nullptr, 0 },
	{ 236, "", "\xe7\xa7\xbb\xe5\x8b\x95\xe4\xb8\xad\xe8\x83\x8c\xe6\x99\xaf", "", nullptr, 0 },
	{ 239, "", "\xe3\x82\xa2\xe3\x83\x83\xe3\x83\x97", "", kEntries019_0, 2 },
	{ 240, "", "\xe3\x80\x80\xe9\x9b\x86\xe4\xb8\xad\xe7\xb7\x9a", "", nullptr, 0 },
	{ 241, "", "\xe3\x80\x80\xe3\x82\xa2\xe3\x83\x83\xe3\x83\x97\xe6\x99\x82\xe3\x81\xae\xe8\x83\x8c\xe6\x99\xaf", "", nullptr, 0 },
	{ 243, "", "\xe6\x9c\x80\xe5\xbe\x8c\xe3\x81\xae\xe5\xb4\xa9\xe5\xa3\x8a", "", nullptr, 0 },
	{ 277, "", "\x36\x32\x33\x41\xe3\x82\xa8\xe3\x83\x95\xe3\x82\xa7\xe3\x82\xaf\xe3\x83\x88", "623A, 623EX, SSRelayAtk", kEntries019_7, 1 },
	{ 278, "", "\x36\x32\x33\x42\xe3\x82\xa8\xe3\x83\x95\xe3\x82\xa7\xe3\x82\xaf\xe3\x83\x88", "623B", kEntries019_7, 1 },
	{ 279, "", "\x36\x32\x33\x45\x58\xe6\x9c\x80\xe7\xb5\x82\xe6\xae\xb5\xe3\x82\xa8\xe3\x83\x95\xe3\x82\xa7\xe3\x82\xaf\xe3\x83\x88", "", kEntries019_12, 4 },
	{ 280, "", "\x36\x32\x33\xe9\xa2\xa8\xe3\x82\xa8\xe3\x83\x95\xe3\x82\xa7\xe3\x82\xaf\xe3\x83\x88", "623B", kEntries019_7, 1 },
	{ 398, "", "\xe5\x8f\xa9\xe3\x81\x8d\xe3\x81\xa4\xe3\x81\x91", "SSRelayAtk", kEntries019_0, 2 },
	{ 408, "", "\x44\x42\xe6\x89\x95\xe3\x81\x84\xe3\x82\xa8\xe3\x83\x95\xe3\x82\xa7\xe3\x82\xaf\xe3\x83\x88", "", kEntries019_4, 1 },
	{ 409, "", "\x44\x42\xe6\x89\x93\xe3\x81\xa1\xe4\xb8\x8a\xe3\x81\x92\xe3\x82\xa8\xe3\x83\x95\xe3\x82\xa7\xe3\x82\xaf\xe3\x83\x88", "", kEntries019_3, 1 },
	{ 410, "", "\x44\x43\xe3\x83\x92\xe3\x83\x83\xe3\x83\x88\xe6\xb4\xbe\xe7\x94\x9f\xe3\x82\xa8\xe3\x83\x95\xe3\x82\xa7\xe3\x82\xaf\xe3\x83\x88", "DashC_Hit", kEntries019_3, 1 },
	{ 457, "", "\xe3\x82\xb3\xe3\x83\x9e\xe6\x8a\x95\xe3\x81\x92\xe3\x83\x96\xe3\x83\xac\xe3\x83\xbc\xe3\x83\x89", "214A_Hit, 214B_Hit, 214EX_Hit", kEntries019_13, 2 },
	{ 458, "", "\xe3\x82\xb3\xe3\x83\x9e\xe6\x8a\x95\xe3\x81\x92\xe3\x82\xa8\xe3\x83\x95\xe3\x82\xa7\xe3\x82\xaf\xe3\x83\x88", "214A_Hit, 214B_Hit, 214EX_Hit", kEntries019_7, 1 },
};

const unsigned char kEntries020_0[] = { 232 };
const unsigned char kEntries020_1[] = { 208, 210 };
const unsigned char kEntries020_2[] = { 234 };
const unsigned char kEntries020_3[] = { 237 };
const unsigned char kEntries020_4[] = { 233, 237 };
const unsigned char kEntries020_5[] = { 233 };
const unsigned char kEntries020_6[] = { 238 };

const Row kEffects020[] = {
	{ 76, "", "\xe9\xa3\xb2\xe3\x81\xbe\xe3\x82\x8c\xe3\x82\x8b\xe9\xbb\x92\xe3\x81\x84\xe9\x9c\xa7", "WinCatchHand", kEntries020_0, 1 },
	{ 80, "", "\xe5\x8b\x9d\xe5\x88\xa9\xe3\x81\x9f\xe3\x82\x81\xe6\x81\xaf", "", nullptr, 0 },
	{ 101, "", "\xe3\x83\x96\xe3\x83\xac\xe3\x83\xbc\xe3\x83\x89\x35\x41", "", kEntries020_1, 2 },
	{ 104, "", "\xe3\x83\x96\xe3\x83\xac\xe3\x83\xbc\xe3\x83\x89\x32\x41", "", kEntries020_0, 1 },
	{ 107, "", "\xe3\x83\x96\xe3\x83\xac\xe3\x83\xbc\xe3\x83\x89\x4a\x41", "", kEntries020_0, 1 },
	{ 110, "", "\xe3\x82\xb9\xe3\x83\xa9\xe3\x82\xa4\xe3\x83\xa0\xe9\xa3\x9b\xe6\xb2\xab\xe3\x80\x80\xe6\xbd\x9c\xe3\x82\x8b", "B+C, FF_ToStand", kEntries020_0, 1 },
	{ 113, "", "\xe3\x82\xb9\xe3\x83\xa9\xe3\x82\xa4\xe3\x83\xa0\xe9\xa3\x9b\xe6\xb2\xab\xe3\x80\x80\xe3\x82\xb8\xe3\x83\xa3\xe3\x83\xb3\xe3\x83\x97", "SplashEscEff, FF_ToJumpF, FF_ToJumpN, FF_ToJumpB", kEntries020_0, 1 },
	{ 114, "", "\xe3\x82\xb9\xe3\x83\xa9\xe3\x82\xa4\xe3\x83\xa0\xe9\xa3\x9b\xe6\xb2\xab\xe3\x80\x80\xe8\xbb\xbd\xe3\x81\x84\xe3\x82\xb8\xe3\x83\xa3\xe3\x83\xb3\xe3\x83\x97\xe5\x89\x8d", "FF_DashF", kEntries020_0, 1 },
	{ 115, "", "\xe3\x82\xb9\xe3\x83\xa9\xe3\x82\xa4\xe3\x83\xa0\xe9\xa3\x9b\xe6\xb2\xab\xe3\x80\x80\xe8\xbb\xbd\xe3\x81\x84\xe3\x82\xb8\xe3\x83\xa3\xe3\x83\xb3\xe3\x83\x97\xe5\xbe\x8c\xe3\x82\x8d", "FF_DashB", kEntries020_0, 1 },
	{ 130, "", "\xe3\x82\xb8\xe3\x83\xa3\xe3\x83\xb3\xe3\x83\x97\xe3\x81\xa7\xe7\xbd\xae\xe3\x81\x84\xe3\x81\xa6\xe3\x81\x84\xe3\x81\x8f", "FF_ToJumpF, FF_ToJumpN, FF_ToJumpB", nullptr, 0 },
	{ 176, "", "\xe9\xaa\xa8\xe7\x9d\x80\xe6\xb0\xb4\xe3\x81\xae\xe3\x81\xbf", "236EX_MissLand", nullptr, 0 },
	{ 177, "", "\xe7\x9d\x80\xe5\x9c\xb0\x45\x46\x46", "RideBone, RideBoneEX", kEntries020_0, 1 },
	{ 201, "", "\xe6\xa7\x8d\xe5\x87\xba\xe7\x8f\xbe", "AO_0202A, AO_0202B", nullptr, 0 },
	{ 202, "", "\xe6\xa7\x8d\xe5\x87\xba\xe7\x8f\xbe\xe5\xa4\xa7", "AO_0202EX", nullptr, 0 },
	{ 215, "", "\xe3\x83\x95\xe3\x82\xa3\xe3\x83\x8b\xe3\x83\x83\xe3\x82\xb7\xe3\x83\xa5\xe7\x88\x86\xe7\x99\xba", "41236SP, 41236SP_Hit", kEntries020_2, 1 },
	{ 216, "", "\xe8\x83\x8c\xe6\x99\xaf\xe3\x82\x86\xe3\x82\x89\xe3\x82\x86\xe3\x82\x89", "41236SP", nullptr, 0 },
	{ 217, "", "\xe8\x83\x8c\xe6\x99\xaf\xe3\x82\x86\xe3\x82\x89\xe3\x82\x86\xe3\x82\x89\xe3\x83\xab\xe3\x83\xbc\xe3\x83\x97", "41236SP_Hit", nullptr, 0 },
	{ 224, "", "\xe3\x81\x8a\xe3\x81\xb0\xe3\x81\x91\xe5\x91\xbc\xe3\x81\xb3", "IWEXIST_Hit", nullptr, 0 },
	{ 225, "", "\xe3\x81\x8a\xe3\x81\xb0\xe3\x81\x91", "", kEntries020_3, 1 },
	{ 226, "", "\xe3\x81\x8a\xe3\x81\xb0\xe3\x81\x91", "", kEntries020_3, 1 },
	{ 227, "", "\xe3\x81\x8a\xe3\x81\xb0\xe3\x81\x91", "", kEntries020_3, 1 },
	{ 228, "", "\xe3\x81\x8a\xe3\x81\xb0\xe3\x81\x91", "", kEntries020_3, 1 },
	{ 229, "", "\xe3\x81\x8a\xe3\x81\xb0\xe3\x81\x91", "", kEntries020_4, 2 },
	{ 235, "", "\xe8\x83\x8c\xe6\x99\xaf\xe3\x81\x8a\xe3\x81\xb0\xe3\x81\x91", "IWEXIST_Hit", nullptr, 0 },
	{ 237, "", "\xe3\x82\xba\xe3\x83\xbc\xe3\x83\xa0\xe6\xa3\xba\xe3\x83\xbb\xe7\x87\xad\xe5\x8f\xb0", "IWEXIST_Hit", nullptr, 0 },
	{ 239, "", "\xe3\x80\x80\xe7\x87\xad\xe5\x8f\xb0", "", kEntries020_5, 1 },
	{ 243, "", "\xe3\x82\xa6\xe3\x83\x85\xe3\x82\xad", "IWEXIST_Hit", nullptr, 0 },
	{ 244, "", "\xe6\x89\x8b\xe5\x85\x83\xe7\x82\x8e", "", kEntries020_3, 1 },
	{ 245, "", "\xe3\x80\x80\xe5\x90\xb8\xe5\x8f\x8e", "", kEntries020_3, 1 },
	{ 246, "", "\xe3\x80\x80\xe3\x80\x80\xe7\x9b\xb8\xe6\x89\x8b", "", nullptr, 0 },
	{ 247, "", "\xe3\x80\x80\xe3\x80\x80\xe7\x94\xbb\xe9\x9d\xa2\xe7\xb4\xab", "", nullptr, 0 },
	{ 279, "", "\x45\x58\xe8\xa6\x8b\xe3\x81\x9f\xe7\x9b\xae", "FB_J236EX, FB_J236EX2", nullptr, 0 },
	{ 280, "", "\xe8\xa6\x8b\xe3\x81\x9f\xe7\x9b\xae", "FB_J236A, FB_J236B, FB_J236A2, FB_J236B2", nullptr, 0 },
	{ 430, "", "\xe5\x9c\xb0\xe9\x9d\xa2\xe3\x82\xac\xe3\x82\xb9", "ItemBottle", kEntries020_2, 1 },
	{ 431, "", "\xe7\xa9\xba\xe4\xb8\xad\xe3\x82\xac\xe3\x82\xb9", "ItemBottle", nullptr, 0 },
	{ 435, "", "\xe4\xba\xba\xe5\xbd\xa2\xe8\x90\xbd\xe4\xb8\x8b\xe8\xa6\x8b\xe3\x81\x9f\xe7\x9b\xae", "ItemDoll", nullptr, 0 },
	{ 440, "", "\xe5\x99\x9b\xe3\x81\xbf\xe3\x81\xa4\xe3\x81\x8d\xe3\x83\x96\xe3\x83\xac\xe3\x83\xbc\xe3\x83\x89", "ItemDollAtk", nullptr, 0 },
	{ 508, "", "\xe6\x8c\x87\xe7\xa4\xba\xe5\x87\xba\xe3\x81\x97\xe3\x82\xa8\xe3\x83\x95\xe3\x82\xa7\xe3\x82\xaf\xe3\x83\x88", "OCA_AtkA, OCB_AtkA", nullptr, 0 },
	{ 520, "", "\xe7\x9d\x80\xe5\x9c\xb0\x45\x46\x46", "CA_Fish", kEntries020_6, 1 },
	{ 549, "", "\xe8\xb5\xb7\xe3\x81\x8d\xe4\xb8\x8a\xe3\x81\x8c\xe3\x82\x8a\xe6\xa3\xba\xe9\xa2\xa8\x42", "CoffinB", nullptr, 0 },
	{ 551, "", "\xe8\xb5\xb7\xe3\x81\x8d\xe4\xb8\x8a\xe3\x81\x8c\xe3\x82\x8a\xe6\xa3\xba\xe5\xb2\xa9\x41", "CoffinA", kEntries020_5, 1 },
	{ 552, "", "\xe8\xb5\xb7\xe3\x81\x8d\xe4\xb8\x8a\xe3\x81\x8c\xe3\x82\x8a\xe6\xa3\xba\xe5\xb2\xa9\x42", "CoffinB", kEntries020_5, 1 },
	{ 560, "", "\xe6\xa3\xba\xe8\x90\xbd\xe4\xb8\x8b\xe8\xa1\x9d\xe6\x92\x83", "J214B, J214C, CoffinPowB", nullptr, 0 },
	{ 561, "", "\xe6\xa3\xba\xe8\x90\xbd\xe4\xb8\x8b\xe8\xa1\x9d\xe6\x92\x83", "J214A", nullptr, 0 },
};

const unsigned char kEntries021_0[] = { 248, 249 };
const unsigned char kEntries021_1[] = { 249, 250, 251 };
const unsigned char kEntries021_2[] = { 192, 201 };
const unsigned char kEntries021_3[] = { 249, 250 };
const unsigned char kEntries021_4[] = { 248, 250 };
const unsigned char kEntries021_5[] = { 248 };
const unsigned char kEntries021_6[] = { 248, 252 };
const unsigned char kEntries021_7[] = { 201, 250 };
const unsigned char kEntries021_8[] = { 252 };

const Row kEffects021[] = {
	{ 61, "", "\xe3\x83\x96\xe3\x83\xac\xe3\x83\xbc\xe3\x83\x89", "", kEntries021_0, 2 },
	{ 80, "", "\xe6\x9c\x80\xe5\x88\x9d\xe3\x81\xab\xe6\x8a\x95\xe3\x81\x92\xe3\x82\x8b\xe3\x82\x84\xe3\x81\xa4", "", nullptr, 0 },
	{ 101, "", "A", "", kEntries021_1, 3 },
	{ 102, "", "B", "", kEntries021_1, 3 },
	{ 103, "", "C", "StdC_End", kEntries021_2, 2 },
	{ 104, "", "2A", "", nullptr, 0 },
	{ 107, "", "JA_0", "JA_JA", nullptr, 0 },
	{ 108, "", "JA_1", "JA_JA", kEntries021_3, 2 },
	{ 109, "", "JC", "AirC_End", kEntries021_3, 2 },
	{ 112, "", "C", "", kEntries021_2, 2 },
	{ 118, "", "JC", "", kEntries021_0, 2 },
	{ 120, "", "\xe6\x8a\x95\xe3\x81\x92\xe5\x9c\xb0\xe9\x9d\xa2\xe5\x89\xb2\xe3\x82\x8c", "", nullptr, 0 },
	{ 121, "", "\xe6\x8a\x95\xe3\x81\x92\xe7\x88\x86\xe7\x99\xba", "", nullptr, 0 },
	{ 123, "", "2C", "", kEntries021_0, 2 },
	{ 131, "", "B", "B_B", kEntries021_4, 2 },
	{ 132, "", "\xe8\xbf\xbd\xe5\x8a\xa0\xe6\x94\xbb\xe6\x92\x83\xe3\x83\x9c\xe3\x83\xb3", "B_B", nullptr, 0 },
	{ 134, "", "\xe7\x88\x86\xe7\x99\xba", "JA_JA", nullptr, 0 },
	{ 138, "", "\xe3\x82\xa2\xe3\x83\x83\xe3\x83\x91\xe3\x83\xbc\xe3\x83\x96\xe3\x83\xac\xe3\x83\xbc\xe3\x83\x89", "3C", kEntries021_5, 1 },
	{ 141, "", "\xe3\x82\xb1\xe3\x83\x84\xe3\x83\x90\xe3\x83\xbc\xe3\x83\x8b\xe3\x82\xa2", "3B", kEntries021_6, 2 },
	{ 151, "", "", "", nullptr, 0 },
	{ 152, "", "", "", kEntries021_5, 1 },
	{ 154, "", "\xe6\x80\xa5\xe9\x99\x8d\xe4\xb8\x8b\xe3\x82\xa8\xe3\x83\x95\xe3\x82\xa7\xe3\x82\xaf\xe3\x83\x88", "", nullptr, 0 },
	{ 209, "", "\xe3\x82\xa4\xe3\x83\xb3\xe3\x83\x91\xe3\x82\xaf\xe3\x83\x88", "2+B+C", nullptr, 0 },
	{ 217, "", "\xe3\x81\xa4\xe3\x81\x8b\xe3\x82\x93\xe3\x81\xa7\xe7\x88\x86\xe7\xa0\xb4", "214A_Hit, 214B_Hit, 214EX_Hit", kEntries021_1, 3 },
	{ 230, "", "\xe4\xb8\x8a\xe6\x98\x87\xe3\x82\xa8\xe3\x83\x95\xe3\x82\xa7\xe3\x82\xaf\xe3\x83\x88", "41236SP_Hit", nullptr, 0 },
	{ 233, "", "\xe7\xa9\xba\xe6\x8c\xaf\xe3\x82\x8a\xe7\x94\xa8", "", nullptr, 0 },
	{ 234, "", "", "", nullptr, 0 },
	{ 235, "", "", "", nullptr, 0 },
	{ 236, "", "\xe4\xb8\x8a\xe6\x98\x87\xe3\x82\xa8\xe3\x83\x95\xe3\x82\xa7\xe3\x82\xaf\xe3\x83\x88", "41236SP", nullptr, 0 },
	{ 240, "", "\xe3\x83\x92\xe3\x83\x83\xe3\x83\x88\xe7\x94\xa8", "", nullptr, 0 },
	{ 241, "", "", "", nullptr, 0 },
	{ 242, "", "", "", nullptr, 0 },
	{ 275, "", "\xe7\x9b\xb8\xe6\x89\x8b\xe3\x82\x92\xe9\xa3\x9b\xe3\x81\xb0\xe3\x81\x99", "IWEXIST_Hit", nullptr, 0 },
	{ 276, "", "\xe5\x99\xb4\xe5\xb0\x84\xe4\xb8\x8a\xe6\x98\x87", "", nullptr, 0 },
	{ 277, "", "\xe4\xb8\x8a\xe6\x98\x87\xe6\x99\x82\xe3\x81\xae\xe5\x9c\xb0\xe9\x9d\xa2\xe3\x81\xae\xe7\x85\x99", "", nullptr, 0 },
	{ 288, "", "\xe3\x83\x92\xe3\x83\x83\xe3\x83\x88\xe3\x82\xa8\xe3\x83\x95\xe3\x82\xa7\xe3\x82\xaf\xe3\x83\x88", "IWE_ZoomAtk", nullptr, 0 },
	{ 371, "", "\xe9\x80\x9a\xe5\xb8\xb8\xe3\x82\xad\xe3\x83\xa3\xe3\x83\x8e\xe3\x83\xb3", "0202A, 0202B, 0202EX", nullptr, 0 },
	{ 372, "", "\xe5\x9b\x9e\xe8\xbb\xa2\xe3\x83\x96\xe3\x83\xa9\xe3\x83\xbc", "0202A, 0202B, 0202EX", nullptr, 0 },
	{ 381, "", "\xe8\xbf\xbd\xe5\x8a\xa0\xe3\x82\xad\xe3\x83\xa3\xe3\x83\x8e\xe3\x83\xb3", "0202_Add", nullptr, 0 },
	{ 382, "", "\xe8\xbf\xbd\xe5\x8a\xa0\xe3\x82\xad\xe3\x83\xa3\xe3\x83\x8e\xe3\x83\xb3\x45\x58", "0202EX", nullptr, 0 },
	{ 397, "", "\xe8\xbf\xbd\xe5\x8a\xa0\xe3\x82\xad\xe3\x83\xa3\xe3\x83\x8e\xe3\x83\xb3", "SSRelayAtk", nullptr, 0 },
	{ 398, "", "\xe8\xbf\xbd\xe5\x8a\xa0\xe3\x82\xad\xe3\x83\xa3\xe3\x83\x8e\xe3\x83\xb3\x45\x58", "SSRelayAtk", nullptr, 0 },
	{ 405, "", "", "", kEntries021_7, 2 },
	{ 406, "", "", "", kEntries021_5, 1 },
	{ 453, "", "", "", kEntries021_8, 1 },
	{ 455, "", "\xe3\x82\xbf\xe3\x83\xa1", "", nullptr, 0 },
	{ 457, "", "\xe7\x99\xba\xe5\xb0\x84\x4c\x56\x31", "", kEntries021_3, 2 },
	{ 458, "", "\xe7\x99\xba\xe5\xb0\x84\x4c\x56\x32", "", kEntries021_3, 2 },
	{ 459, "", "\xe7\x99\xba\xe5\xb0\x84\x4c\x56\x33", "", kEntries021_3, 2 },
};

const unsigned char kEntries022_0[] = { 249, 251 };
const unsigned char kEntries022_1[] = { 250 };
const unsigned char kEntries022_2[] = { 251 };
const unsigned char kEntries022_3[] = { 249, 251, 252, 253 };
const unsigned char kEntries022_4[] = { 251, 252 };
const unsigned char kEntries022_5[] = { 251, 252, 253 };
const unsigned char kEntries022_6[] = { 249, 250, 251, 252 };
const unsigned char kEntries022_7[] = { 249, 251, 253 };
const unsigned char kEntries022_8[] = { 248, 251 };
const unsigned char kEntries022_9[] = { 249, 250, 251, 253 };
const unsigned char kEntries022_10[] = { 249, 251, 252 };
const unsigned char kEntries022_11[] = { 254, 255 };
const unsigned char kEntries022_12[] = { 255 };
const unsigned char kEntries022_13[] = { 254 };
const unsigned char kEntries022_14[] = { 250, 253 };
const unsigned char kEntries022_15[] = { 248, 249, 253 };

const Row kEffects022[] = {
	{ 59, "", "\xe7\xab\x8b\xe3\x81\xa1\x42", "", kEntries022_0, 2 },
	{ 74, "", "\xe6\x8a\x95\xe3\x81\x92\xe3\x81\xa8\xe3\x81\xa9\xe3\x82\x81", "", kEntries022_1, 1 },
	{ 101, "", "\xe7\xab\x8b\xe3\x81\xa1\x41", "", kEntries022_2, 1 },
	{ 102, "", "\xe7\xab\x8b\xe3\x81\xa1\x42", "", kEntries022_0, 2 },
	{ 105, "", "2B", "", kEntries022_3, 4 },
	{ 106, "", "2C1", "3C_AddB", kEntries022_4, 2 },
	{ 107, "", "JA", "", kEntries022_4, 2 },
	{ 108, "", "JB", "", kEntries022_5, 3 },
	{ 109, "", "JC", "J2C", kEntries022_6, 4 },
	{ 110, "", "2C2", "3C_AddB", kEntries022_4, 2 },
	{ 111, "", "\x34\x43\xe4\xb8\x8a", "B+C_Add5, V_B+C_Add5", nullptr, 0 },
	{ 112, "", "\x34\x43\xe4\xb8\x8b", "B+C_Add5, V_B+C_Add5", kEntries022_7, 3 },
	{ 128, "", "\x34\x42\xe3\x83\x96\xe3\x83\xac\xe3\x83\xbc\xe3\x83\x89", "4B", nullptr, 0 },
	{ 131, "", "\x36\x43\xe3\x83\x96\xe3\x83\xac\xe3\x83\xbc\xe3\x83\x89", "6C", kEntries022_8, 2 },
	{ 135, "", "JC", "AirC_End", kEntries022_9, 4 },
	{ 136, "", "\xe3\x81\x9f\xe3\x82\x81\x4a\x43", "", kEntries022_9, 4 },
	{ 139, "", "", "B_B", kEntries022_4, 2 },
	{ 144, "", "\x4a\x42\x42\xef\xbc\x88\xe4\xbb\xae\xef\xbc\x89", "JB_JB", kEntries022_7, 3 },
	{ 150, "", "\x36\xe6\xb4\xbe\xe7\x94\x9f\xe3\x83\x93\xe3\x83\xbc\xe3\x83\xa0\xe8\xa6\x8b\xe3\x81\x9f\xe7\x9b\xae", "FB_BandCAdd6Atk", kEntries022_10, 3 },
	{ 168, "", "\x46\x46\xe3\x82\xad\xe3\x83\xa9\xe3\x82\xad\xe3\x83\xa9\xe5\xa4\xa7", "kira_manager", kEntries022_11, 2 },
	{ 169, "", "\x46\x46\xe3\x82\xad\xe3\x83\xa9\xe3\x82\xad\xe3\x83\xa9\xe5\xb0\x8f", "kira_manager", kEntries022_12, 1 },
	{ 175, "", "", "", kEntries022_13, 1 },
	{ 176, "", "", "", kEntries022_13, 1 },
	{ 177, "", "\xe6\xae\x8b\xe5\x83\x8f", "J236A, J236B, J236C", kEntries022_11, 2 },
	{ 189, "", "3C", "3C", kEntries022_8, 2 },
	{ 190, "", "AddA", "3C_AddA", kEntries022_2, 1 },
	{ 197, "", "3C_AddB", "3C_AddB", nullptr, 0 },
	{ 212, "", "\xe8\xb9\xb4\xe3\x82\x8a\xe4\xb8\x8b\xe3\x82\x8d\xe3\x81\x97", "41236SP", kEntries022_12, 1 },
	{ 213, "", "\xe8\xb9\xb4\xe3\x82\x8a\xe4\xb8\x8a\xe3\x81\x92", "41236SP, 41236SP_Hit", kEntries022_12, 1 },
	{ 214, "", "\xe5\xb0\x84\xe6\x92\x83\x31", "41236SP_Hit", kEntries022_12, 1 },
	{ 215, "", "\xe5\xb0\x84\xe6\x92\x83\x32", "41236SP_Hit", kEntries022_11, 2 },
	{ 235, "IWE_SpreadBeam_F", "\xe9\x99\x8d\xe3\x82\x8a\xe6\xb3\xa8\xe3\x81\x90\xe3\x83\xac\xe3\x83\xbc\xe3\x82\xb6\xe3\x83\xbc\xef\xbc\x88\xe6\x89\x8b\xe5\x89\x8d\xef\xbc\x89", "IWE_Eff_Manager", nullptr, 0 },
	{ 236, "IWE_SpreadBeam_B", "\xe9\x99\x8d\xe3\x82\x8a\xe6\xb3\xa8\xe3\x81\x90\xe3\x83\xac\xe3\x83\xbc\xe3\x82\xb6\xe3\x83\xbc\xef\xbc\x88\xe5\xa5\xa5\xef\xbc\x89", "IWE_Eff_Manager", nullptr, 0 },
	{ 237, "IWE_UpLight", "\xe7\x94\xbb\xe9\x9d\xa2\xe4\xb8\x8a\xe9\x83\xa8\xe3\x81\xae\xe6\x98\x8e\xe3\x82\x8b\xe3\x81\x84\xe5\x85\x89", "IWE_Eff_Manager", nullptr, 0 },
	{ 240, "", "\xe3\x82\xb9\xe3\x83\xa9\xe3\x82\xa4\xe3\x83\x87\xe3\x82\xa3\xe3\x83\xb3\xe3\x82\xb0", "IWEXIST_Hit", nullptr, 0 },
	{ 241, "", "\xe8\xb9\xb4\xe3\x82\x8a\xe8\x90\xbd\xe3\x81\xa8\xe3\x81\x97", "IWEXIST_Hit", nullptr, 0 },
	{ 242, "", "\xe6\xb0\xb4\xe9\x9d\xa2\xe8\xb9\xb4\xe3\x82\x8a", "IWEXIST_Hit", nullptr, 0 },
	{ 243, "", "\xe4\xb8\x8b\xe6\xae\xb5\xe5\xb0\x84\xe6\x92\x83", "IWEXIST_Hit", nullptr, 0 },
	{ 244, "", "\xe6\x89\x93\xe3\x81\xa1\xe4\xb8\x8a\xe3\x81\x92\xe3\x83\x93\xe3\x83\xbc\xe3\x83\xa0", "IWEXIST_Hit", nullptr, 0 },
	{ 245, "", "\xe5\xa4\xaa\xe3\x81\x84\xe3\x83\x93\xe3\x83\xbc\xe3\x83\xa0\xe5\xbe\x8c\xe3\x82\x8d", "Eff_IWE_Finish", nullptr, 0 },
	{ 275, "", "", "623A, 623B", kEntries022_13, 1 },
	{ 276, "", "", "623EX", kEntries022_13, 1 },
	{ 278, "", "\x36\x32\x33\xe6\xb4\xbe\xe7\x94\x9f\xe3\x82\xa8\xe3\x83\x95\xe3\x82\xa7\xe3\x82\xaf\xe3\x83\x88", "623AddB", kEntries022_13, 1 },
	{ 279, "", "\x36\x32\x33\x45\x58\xe6\xb4\xbe\xe7\x94\x9f\xe3\x82\xa8\xe3\x83\x95\xe3\x82\xa7\xe3\x82\xaf\xe3\x83\x88", "623AddEX", kEntries022_13, 1 },
	{ 281, "", "\x36\x32\x33\x41\xe3\x81\xa8\xe3\x81\xa9\xe3\x82\x81", "623AddA", kEntries022_7, 3 },
	{ 282, "", "\x36\x32\x33\x45\x58\xe3\x81\xa8\xe3\x81\xa9\xe3\x82\x81", "623AddEX", kEntries022_7, 3 },
	{ 388, "", "\x32\x31\x34\xe8\xbb\x8c\xe8\xb7\xa1\x31", "Eff_214EX_left, Eff_214_left", kEntries022_14, 2 },
	{ 389, "", "\x32\x31\x34\xe8\xbb\x8c\xe8\xb7\xa1\x32", "Eff_214EX_right, Eff_214_right", kEntries022_11, 2 },
	{ 390, "", "\xe8\xb7\xb3\xe5\xbc\xbe\xe3\x83\x90\xe3\x82\xa6\xe3\x83\xb3\xe3\x83\x89", "FB_214, FB_214EX", kEntries022_13, 1 },
	{ 392, "", "\xe7\x85\xa7\xe6\x98\x8e\xe5\xbc\xbe\xe6\xae\x8b\xe5\x83\x8f", "Eff_214Ball", kEntries022_13, 1 },
	{ 399, "", "\xe7\x85\xa7\xe6\x98\x8e\xe5\xbc\xbe\xe7\x88\x86\xe7\x99\xba\xe5\x89\x8d", "FB_214", kEntries022_13, 1 },
	{ 400, "", "\xe7\x85\xa7\xe6\x98\x8e\xe5\xbc\xbe\xe7\x88\x86\xe7\x99\xba\xe5\x89\x8d\x45\x58", "FB_214EX", kEntries022_13, 1 },
	{ 404, "", "\xe3\x83\x80\xe3\x83\x83\xe3\x82\xb7\xe3\x83\xa5\x42\xe8\xb9\xb4\xe3\x82\x8a\xe3\x83\x96\xe3\x83\xac\xe3\x83\xbc\xe3\x83\x89", "", kEntries022_15, 3 },
	{ 406, "", "\xe3\x83\x93\xe3\x83\xbc\xe3\x83\xa0", "FB_DashStdC", kEntries022_10, 3 },
	{ 416, "", "\xe7\xab\x8b\xe3\x81\xa1\x43", "236A, 236_AddA", kEntries022_5, 3 },
	{ 417, "", "\xe3\x81\x9f\xe3\x82\x81\xe7\xab\x8b\xe3\x81\xa1\x43", "236B, 236EX", kEntries022_3, 4 },
	{ 418, "", "236B", "236B", kEntries022_5, 3 },
	{ 423, "", "236_Add_AddA", "236_Add_AddA", kEntries022_2, 1 },
	{ 424, "", "\x42\x42\xe3\x83\x93\xe3\x83\xbc\xe3\x83\xa0", "236_AddB", kEntries022_10, 3 },
	{ 441, "", "\xe8\xb9\xb4\xe3\x82\x8a\xe4\xb8\x8b\xe3\x82\x8d\xe3\x81\x97", "SSRelayAtk", kEntries022_12, 1 },
	{ 442, "", "\xe8\xb9\xb4\xe3\x82\x8a\xe4\xb8\x8a\xe3\x81\x92", "SSRelayAtk", kEntries022_12, 1 },
	{ 443, "", "\x36\x43\xe3\x83\x96\xe3\x83\xac\xe3\x83\xbc\xe3\x83\x89", "SSRelayAtk", kEntries022_8, 2 },
};

const unsigned char kEntries023_0[] = { 54 };
const unsigned char kEntries023_1[] = { 252 };

const Row kEffects023[] = {
	{ 1, "", "\xe7\xab\x8b\xe3\x81\xa1\xe5\xbc\xb1\xe6\x94\xbb\xe6\x92\x83", "", nullptr, 0 },
	{ 48, "", "\xe7\x99\xbb\xe5\xa0\xb4\xe7\x81\xab\xe6\x9f\xb1", "", nullptr, 0 },
	{ 49, "", "\xe6\xb5\xae\xe3\x81\x8f\xe3\x83\x80\xe3\x83\x9f\xe3\x83\xbc", "", nullptr, 0 },
	{ 54, "", "", "", nullptr, 0 },
	{ 62, "", "\xe5\x8b\x9d\xe5\x88\xa9", "", nullptr, 0 },
	{ 63, "", "\xe5\x8b\x9d\xe5\x88\xa9\x5f\xe7\x90\x83", "", nullptr, 0 },
	{ 90, "", "\xe6\x8a\x95\xe3\x81\x92\xe3\x82\xa8\xe3\x83\x95\xe3\x82\xa7\xe3\x82\xaf\xe3\x83\x88", "", nullptr, 0 },
	{ 97, "", "\xe3\x81\xa4\xe3\x81\x8b\xe3\x81\xbf\xe3\x82\xa8\xe3\x83\x95\xe3\x82\xa7\xe3\x82\xaf\xe3\x83\x88", "", nullptr, 0 },
	{ 101, "", "5A", "", kEntries023_0, 1 },
	{ 102, "", "5B", "", kEntries023_1, 1 },
	{ 103, "", "5C", "StdC_End", nullptr, 0 },
	{ 104, "", "2A", "", kEntries023_1, 1 },
	{ 105, "", "2B", "", kEntries023_1, 1 },
	{ 106, "", "2C", "", kEntries023_1, 1 },
	{ 107, "", "JA", "", kEntries023_1, 1 },
	{ 108, "", "JB", "", kEntries023_1, 1 },
	{ 109, "", "JC", "AirC_End", kEntries023_1, 1 },
	{ 110, "", "\xe5\x9b\x9e\xe9\x81\xbf\xe3\x83\xaf\xe3\x83\xbc\xe3\x83\x97", "ForwardShift", nullptr, 0 },
	{ 111, "", "\xe5\x9b\x9e\xe9\x81\xbf\xe3\x83\xaf\xe3\x83\xbc\xe3\x83\x97", "ForwardShift", nullptr, 0 },
	{ 112, "", "5C", "", nullptr, 0 },
	{ 113, "", "JC", "", kEntries023_1, 1 },
	{ 115, "", "FFJA", "FFAirA", kEntries023_1, 1 },
	{ 116, "", "FFJB", "FFAirB", kEntries023_1, 1 },
	{ 117, "", "JC", "FFAirC", kEntries023_1, 1 },
	{ 146, "", "\x36\x43\xe5\xbc\xbe\xe8\xa6\x8b\xe3\x81\x9f\xe7\x9b\xae", "FB_6C", nullptr, 0 },
	{ 147, "", "\xe3\x80\x80\xe6\xb6\x88\xe6\xbb\x85", "FB_6C", nullptr, 0 },
	{ 156, "", "\x34\x43\xe3\x83\x96\xe3\x83\xac\xe3\x83\xbc\xe3\x83\x89", "4C", kEntries023_1, 1 },
	{ 160, "", "\x36\x42\xe3\x83\x96\xe3\x83\xac\xe3\x83\xbc\xe3\x83\x89", "6B", kEntries023_1, 1 },
	{ 161, "", "\x36\x42\x42\xe3\x83\x96\xe3\x83\xac\xe3\x83\xbc\xe3\x83\x89", "6B_6B", kEntries023_1, 1 },
	{ 167, "", "\x4a\x36\x43\xe8\xa1\x9d\xe6\x92\x83\xe6\xb3\xa2", "J6C", kEntries023_1, 1 },
	{ 407, "", "\xe3\x83\x80\xe3\x83\x83\xe3\x82\xb7\xe3\x83\xa5\x42\xe3\x83\x96\xe3\x83\xac\xe3\x83\xbc\xe3\x83\x89\x31", "", kEntries023_1, 1 },
	{ 408, "", "\xe3\x83\x80\xe3\x83\x83\xe3\x82\xb7\xe3\x83\xa5\x42\xe3\x83\x96\xe3\x83\xac\xe3\x83\xbc\xe3\x83\x89\x32", "", kEntries023_1, 1 },
	{ 409, "", "\xe3\x83\x80\xe3\x83\x83\xe3\x82\xb7\xe3\x83\xa5\x43\xe3\x83\x96\xe3\x83\xac\xe3\x83\xbc\xe3\x83\x89", "J2C, SSRelayAtk, J623B", kEntries023_1, 1 },
	{ 449, "", "\xe3\x82\x8f\xe3\x81\xa3\xe3\x81\x8b\xe8\xa6\x8b\xe3\x81\x9f\xe7\x9b\xae", "FB_214A, FB_214B, FB_J214C", kEntries023_1, 1 },
	{ 450, "", "\xe3\x80\x80\xe3\x82\x8f\xe3\x81\xa3\xe3\x81\x8b\xe6\xb6\x88\xe6\xbb\x85\xe8\xa6\x8b\xe3\x81\x9f\xe7\x9b\xae", "FB_214A, FB_214B, FB_J214C", kEntries023_1, 1 },
	{ 451, "", "\x45\x58\xe3\x82\x8f\xe3\x81\xa3\xe3\x81\x8b\xe8\xa6\x8b\xe3\x81\x9f\xe7\x9b\xae", "FB_214EX", kEntries023_1, 1 },
	{ 452, "", "\xe3\x80\x80\x45\x58\xe3\x82\x8f\xe3\x81\xa3\xe3\x81\x8b\xe6\xb6\x88\xe6\xbb\x85\xe8\xa6\x8b\xe3\x81\x9f\xe7\x9b\xae", "FB_214EX", kEntries023_1, 1 },
	{ 453, "", "\xe3\x82\xa4\xe3\x83\xb3\xe3\x82\xaf\xe3\x83\xaa\xe3\x83\xbc\xe3\x82\xb9\xe3\x82\x8f\xe3\x81\xa3\xe3\x81\x8b\xe8\xa6\x8b\xe3\x81\x9f\xe7\x9b\xae", "FB_i214A", kEntries023_1, 1 },
	{ 454, "", "\xe3\x80\x80\xe3\x82\x8f\xe3\x81\xa3\xe3\x81\x8b\xe6\xb6\x88\xe6\xbb\x85\xe8\xa6\x8b\xe3\x81\x9f\xe7\x9b\xae", "FB_i214A", kEntries023_1, 1 },
	{ 489, "", "\xe8\xa6\x8b\xe3\x81\x9f\xe7\x9b\xae", "FB_22", kEntries023_1, 1 },
	{ 490, "", "\xe6\xb6\x88\xe6\xbb\x85\xe8\xa6\x8b\xe3\x81\x9f\xe7\x9b\xae", "FB_22", kEntries023_1, 1 },
	{ 492, "", "\xe8\xa6\x8b\xe3\x81\x9f\xe7\x9b\xae", "FB_22EX", kEntries023_1, 1 },
	{ 493, "", "\xe6\xb6\x88\xe6\xbb\x85\xe8\xa6\x8b\xe3\x81\x9f\xe7\x9b\xae", "FB_22EX", kEntries023_1, 1 },
	{ 495, "", "\xe8\xa6\x8b\xe3\x81\x9f\xe7\x9b\xae", "FB_236Add, FB_236AAdd", kEntries023_1, 1 },
	{ 496, "", "\xe6\xb6\x88\xe6\xbb\x85\xe8\xa6\x8b\xe3\x81\x9f\xe7\x9b\xae", "FB_236Add, FB_236AAdd", kEntries023_1, 1 },
	{ 504, "", "A", "41236A", kEntries023_1, 1 },
	{ 505, "", "B", "41236B", kEntries023_1, 1 },
	{ 506, "", "EX", "41236EX", kEntries023_1, 1 },
	{ 545, "", "\xe9\xa3\x9b\xe3\x81\xb0\xe3\x81\x99\xe6\xae\x8b\xe5\x83\x8f", "DashWarp", nullptr, 0 },
	{ 555, "", "\xe6\xb6\x88\xe3\x81\x88\xe3\x82\x8b\xe3\x81\xa8\xe3\x81\x93\xe3\x82\x8d\xe3\x81\xab\xe7\xbd\xae\xe3\x81\x8f\xe5\xbd\xb1", "B+C, JB+C, SSRelayAtk, J214C, 623A, 623B, 623C, 623EX, 623EX_Hit, J623A, J623B, J623C, J623EX", nullptr, 0 },
	{ 572, "", "\xe8\xb9\xb4\xe3\x82\x8a\xe4\xb8\x8a\xe3\x81\x92\xe3\x82\xa8\xe3\x83\x95\xe3\x82\xa7\xe3\x82\xaf\xe3\x83\x88", "SSRelayAtk, 623A", kEntries023_1, 1 },
	{ 576, "", "\xe3\x81\x90\xe3\x82\x8b\xe3\x81\x90\xe3\x82\x8b\xe5\x89\xa3\xe3\x82\xa8\xe3\x83\x95\xe3\x82\xa7\xe3\x82\xaf\xe3\x83\x88", "623B", kEntries023_1, 1 },
	{ 579, "", "EX1", "623EX, 623EX_Hit, J623EX", kEntries023_1, 1 },
	{ 580, "", "EX2", "623EX_Hit", kEntries023_1, 1 },
	{ 581, "", "EX3", "623EX_Hit", kEntries023_1, 1 },
	{ 652, "", "\xe6\xbf\x81\xe6\xb5\x81\x42\x47", "41236SP", kEntries023_1, 1 },
	{ 665, "", "\xe3\x83\xb4\xe3\x82\xa9\xe3\x82\xa4\xe3\x83\x89\xe6\xb3\xa2\xe3\x83\x92\xe3\x83\x83\xe3\x83\x88", "Eff_IW_VoidWaveA, Eff_IW_VoidWaveB, Eff_IW_VoidWaveC, Eff_IW_VoidWaveD, Eff_IW_VoidWaveE, Eff_IW_VoidWaveF, Eff_IW_VoidWaveG, Eff_IW_VoidWaveH, Eff_IW_VoidWaveI, Eff_IW_VoidWaveJ", kEntries023_1, 1 },
	{ 669, "", "\xe6\xbf\x81\xe6\xb5\x81\x42\x47\xe3\x83\x92\xe3\x83\x83\xe3\x83\x88\xe5\xbe\x8c", "41236SP_Hit", nullptr, 0 },
	{ 685, "", "\xe8\xa1\x9d\xe6\x92\x83\xe6\xb3\xa2", "IWEXIST_Hit", kEntries023_1, 1 },
	{ 686, "", "\xe8\xa1\x9d\xe6\x92\x83\xe6\xb3\xa2\xe3\x83\x92\xe3\x83\x83\xe3\x83\x88", "IWEXIST_Hit", kEntries023_1, 1 },
	{ 690, "", "\xe9\xbb\x92\xe3\x83\x95\xe3\x82\xa7\xe3\x83\xbc\xe3\x83\x89", "IWEBigKuo", nullptr, 0 },
	{ 694, "", "\xe3\x83\x95\xe3\x82\xa3\xe3\x83\x8b\xe3\x83\x83\xe3\x82\xb7\xe3\x83\xa5\xe5\xbe\x8c\xe8\x83\x8c\xe6\x99\xaf", "", nullptr, 0 },
	{ 696, "", "\xe3\x83\x80\xe3\x83\x9f\xe3\x83\xbc\xe3\x82\xaf\xe3\x82\xaa\xe3\x83\xb3", "", nullptr, 0 },
	{ 698, "", "\x49\x57\x45\xe6\x96\xac\xe6\x92\x83", "Eff_IWE_Blade", nullptr, 0 },
	{ 699, "", "\x49\x57\x45\xe6\x96\xac\xe6\x92\x83", "Eff_IWE_Blade", nullptr, 0 },
	{ 700, "", "\x49\x57\x45\xe6\x96\xac\xe6\x92\x83", "Eff_IWE_Blade", nullptr, 0 },
	{ 701, "", "\x49\x57\x45\xe6\x96\xac\xe6\x92\x83", "Eff_IWE_Blade", nullptr, 0 },
	{ 702, "", "\x49\x57\x45\xe6\x96\xac\xe6\x92\x83", "Eff_IWE_Blade", nullptr, 0 },
	{ 703, "", "\x49\x57\x45\xe6\x96\xac\xe6\x92\x83", "Eff_IWE_Blade", nullptr, 0 },
	{ 704, "", "\x49\x57\x45\xe6\x96\xac\xe6\x92\x83", "Eff_IWE_Blade", nullptr, 0 },
	{ 705, "", "\x49\x57\x45\xe6\x96\xac\xe6\x92\x83", "Eff_IWE_Blade", nullptr, 0 },
	{ 899, "", "\xe6\xb5\xae\xe3\x81\x8f\xe3\x83\x80\xe3\x83\x9f\xe3\x83\xbc", "", nullptr, 0 },
};

const unsigned char kEntries024_0[] = { 251 };
const unsigned char kEntries024_1[] = { 251, 253 };
const unsigned char kEntries024_2[] = { 250, 252 };
const unsigned char kEntries024_3[] = { 252 };

const Row kEffects024[] = {
	{ 58, "", "\xe3\x82\xb1\xe3\x83\xaa\xe3\x83\x96\xe3\x83\xac\xe3\x83\xbc\xe3\x83\x89", "", nullptr, 0 },
	{ 99, "", "\xe7\x99\xbb\xe5\xa0\xb4\xe3\x81\xaa\xe3\x81\xa9\xe3\x81\xae\xe7\xb5\x9e\xe3\x82\x8a", "214EX_Hit, 214A_Add, 214B_Add, IWEXIST_End, 623A, 623B, 623EX", nullptr, 0 },
	{ 160, "", "\x4a\x32\x42\xe3\x83\x96\xe3\x83\xac\xe3\x83\xbc\xe3\x83\x89", "J2B_End", kEntries024_0, 1 },
	{ 161, "", "\x4a\x32\x42\xe3\x83\x96\xe3\x83\xac\xe3\x83\xbc\xe3\x83\x89\xe6\xae\x8b\xe3\x82\x8a", "J2BEnd_Hit", kEntries024_0, 1 },
	{ 162, "", "\xe3\x81\x9f\xe3\x82\x81\x4a\x32\x42\xe3\x83\x96\xe3\x83\xac\xe3\x83\xbc\xe3\x83\x89", "J2B", kEntries024_0, 1 },
	{ 167, "", "\x42\x2b\x43\xe3\x82\xb2\xe3\x82\xa4\xe3\x82\xb6\xe3\x83\xbc", "B+C_End", kEntries024_1, 2 },
	{ 168, "", "\xe3\x81\x9f\xe3\x82\x81\x42\x2b\x43\xe3\x82\xb2\xe3\x82\xa4\xe3\x82\xb6\xe3\x83\xbc", "", kEntries024_1, 2 },
	{ 188, "", "\xe3\x83\x92\xe3\x83\x83\xe3\x83\x88\xe3\x82\xa8\xe3\x83\x95\xe3\x82\xa7\xe3\x82\xaf\xe3\x83\x88", "FB_J236A, FB_J236B, FB_J236EX, FB_J236EX_Hit, FB_236A, FB_236B, FB_236EX, FB_236EX_Hit, FB_i236A, FB_i236B, FB_i236A_Hit, FB_i236B_Hit", kEntries024_0, 1 },
	{ 212, "", "\xe8\xa1\x9d\xe6\x92\x83\xe6\xb3\xa2", "IW_Crash, IW_Crash_Miss", kEntries024_2, 2 },
	{ 215, "", "\xe7\x99\xba\xe5\x8b\x95\xe9\x9b\x86\xe4\xb8\xad", "41236SP", nullptr, 0 },
	{ 236, "", "\xe7\xb8\x9b\xe3\x81\xa3\xe3\x81\x9f\xe3\x83\x89\xe3\x83\xbc\xe3\x83\xb3", "iwe_rope", nullptr, 0 },
	{ 237, "", "\xe7\xb8\x9b\xe3\x81\xa3\xe3\x81\xa6\xe3\x83\x93\xe3\x83\xaa\xe3\x83\x93\xe3\x83\xaa\xe3\x83\x92\xe3\x83\x93\xe5\x85\xa5\xe3\x82\x8b", "", nullptr, 0 },
	{ 238, "", "\xe6\x8c\xaf\xe5\x8b\x95", "", nullptr, 0 },
	{ 239, "", "\xe8\xa1\x9d\xe6\x92\x83", "", nullptr, 0 },
	{ 241, "", "\xe3\x81\xa7\xe3\x81\xa3\xe3\x81\x8b\xe3\x81\x84\xe3\x83\x95\xe3\x83\xa9\xe3\x83\x83\xe3\x82\xb7\xe3\x83\xa5\xe8\x83\x8c\xe6\x99\xaf", "IWEBigPho", nullptr, 0 },
	{ 242, "", "\xe3\x82\x88\xe3\x81\xa3\xe3\x81\xa6\xe3\x81\x8f\xe3\x82\x8b", "", nullptr, 0 },
	{ 243, "", "\xe9\x9b\xa2\xe3\x82\x8c\xe3\x82\x8b", "", nullptr, 0 },
	{ 244, "", "", "", nullptr, 0 },
	{ 247, "", "\xe7\x88\x86\xe7\x99\xba", "", nullptr, 0 },
	{ 373, "", "\xe7\x99\xba\xe5\x8b\x95\xe3\x82\xa8\xe3\x83\x95\xe3\x82\xa7\xe3\x82\xaf\xe3\x83\x88", "020202EX", kEntries024_0, 1 },
	{ 374, "", "\xe3\x82\xad", "020202EX", nullptr, 0 },
	{ 404, "", "\xe3\x83\x80\xe3\x83\x83\xe3\x82\xb7\xe3\x83\xa5\x42\xe8\xb9\xb4\xe3\x82\x8a\xe3\x83\x96\xe3\x83\xac\xe3\x83\xbc\xe3\x83\x89", "DashB_End", kEntries024_3, 1 },
	{ 405, "", "\xe3\x83\x80\xe3\x83\x83\xe3\x82\xb7\xe3\x83\xa5\xe5\xbc\xb7\xe3\x82\xa8\xe3\x83\x95\xe3\x82\xa7\xe3\x82\xaf\xe3\x83\x88", "", kEntries024_0, 1 },
};

const unsigned char kEntries025_0[] = { 248 };
const unsigned char kEntries025_1[] = { 246, 248, 253 };
const unsigned char kEntries025_2[] = { 248, 249 };
const unsigned char kEntries025_3[] = { 246, 248 };
const unsigned char kEntries025_4[] = { 248, 252 };
const unsigned char kEntries025_5[] = { 246 };
const unsigned char kEntries025_6[] = { 80, 81, 248, 249 };

const Row kEffects025[] = {
	{ 101, "", "\xe7\xab\x8b\xe3\x81\xa1\x41", "", kEntries025_0, 1 },
	{ 102, "", "\xe7\xab\x8b\xe3\x81\xa1\x42", "", kEntries025_1, 3 },
	{ 103, "", "\xe7\xab\x8b\xe3\x81\xa1\x43", "StdC_End", kEntries025_2, 2 },
	{ 104, "", "\xe3\x81\x97\xe3\x82\x83\xe3\x81\x8c\xe3\x81\xbf\x41", "", kEntries025_0, 1 },
	{ 105, "", "\xe3\x81\x97\xe3\x82\x83\xe3\x81\x8c\xe3\x81\xbf\x42", "", kEntries025_0, 1 },
	{ 106, "", "\xe3\x81\x97\xe3\x82\x83\xe3\x81\x8c\xe3\x81\xbf\x43\x31", "", kEntries025_0, 1 },
	{ 107, "", "\xe3\x82\xb8\xe3\x83\xa3\xe3\x83\xb3\xe3\x83\x97\x41", "", kEntries025_0, 1 },
	{ 108, "", "\xe3\x82\xb8\xe3\x83\xa3\xe3\x83\xb3\xe3\x83\x97\x42", "", kEntries025_0, 1 },
	{ 109, "", "\xe3\x82\xb8\xe3\x83\xa3\xe3\x83\xb3\xe3\x83\x97\x43", "AirC_End", kEntries025_0, 1 },
	{ 110, "", "\xe3\x81\x97\xe3\x82\x83\xe3\x81\x8c\xe3\x81\xbf\x43\x32", "", nullptr, 0 },
	{ 111, "", "\xe3\x82\xb8\xe3\x83\xa3\xe3\x83\xb3\xe3\x83\x97\x43\x32", "", kEntries025_0, 1 },
	{ 112, "", "\xe7\xab\x8b\xe3\x81\xa1\x43\x32", "", kEntries025_2, 2 },
	{ 128, "", "\x42\x2b\x43\xe3\x83\x96\xe3\x83\xac\xe3\x83\xbc\xe3\x83\x89", "B+C, V_B+C", kEntries025_0, 1 },
	{ 129, "", "\x4a\x42\x2b\x43\xe3\x83\x96\xe3\x83\xac\xe3\x83\xbc\xe3\x83\x89", "JB+C, V_JB+C", kEntries025_0, 1 },
	{ 133, "", "\x42\x43\xe7\x99\xba\xe5\xb0\x84\xe3\x82\xa8\xe3\x83\x95\xe3\x82\xa7\xe3\x82\xaf\xe3\x83\x88", "FB_B+C, FB_JB+C, FB_JB+C", kEntries025_0, 1 },
	{ 134, "", "\x42\x43\xe7\x9d\x80\xe5\xbc\xbe\xe3\x82\xa8\xe3\x83\x95\xe3\x82\xa7\xe3\x82\xaf\xe3\x83\x88", "FB_B+C, FB_JB+C, FB_JB+C", nullptr, 0 },
	{ 146, "", "\x36\x42\xe3\x82\xa8\xe3\x83\x95\xe3\x82\xa7\xe3\x82\xaf\xe3\x83\x88", "6B", kEntries025_2, 2 },
	{ 150, "", "\x36\x43\xe3\x82\xa8\xe3\x83\x95\xe3\x82\xa7\xe3\x82\xaf\xe3\x83\x88", "6C, 6C_End", kEntries025_2, 2 },
	{ 154, "", "3C", "3C", kEntries025_3, 2 },
	{ 161, "", "\xe6\xae\x8b\xe3\x82\x8a\xe9\xa6\x99", "J2C, J2C_Hit", nullptr, 0 },
	{ 162, "", "\xe5\x8f\xa9\xe3\x81\x8d\xe3\x81\xa4\xe3\x81\x91", "J2C_Hit", kEntries025_0, 1 },
	{ 163, "", "\xe3\x83\x95\xe3\x82\xa3\xe3\x83\x8b\xe3\x83\x83\xe3\x82\xb7\xe3\x83\xa5\xe7\x88\x86\xe7\xa0\xb4", "J2C_Hit", kEntries025_0, 1 },
	{ 177, "", "\x4a\x32\x33\x36\xe3\x83\x96\xe3\x83\xac\xe3\x83\xbc\xe3\x83\x89", "J236A, J236B, J236EX", kEntries025_0, 1 },
	{ 178, "", "\xe7\x88\x86\xe7\x99\xba\xe8\xa6\x8b\xe3\x81\x9f\xe7\x9b\xae", "FB_J236AB", kEntries025_0, 1 },
	{ 179, "", "\xe7\x88\x86\xe7\x99\xba\xe8\xa6\x8b\xe3\x81\x9f\xe7\x9b\xae\x45\x58", "FB_J236EX", kEntries025_0, 1 },
	{ 180, "", "\xe9\xa3\x9b\xe3\x81\xb3\xe9\x81\x93\xe5\x85\xb7\xe8\xa6\x8b\xe3\x81\x9f\xe7\x9b\xae", "FB_J236AB", kEntries025_0, 1 },
	{ 181, "", "\xe9\xa3\x9b\xe3\x81\xb3\xe9\x81\x93\xe5\x85\xb7\xe8\xa6\x8b\xe3\x81\x9f\xe7\x9b\xae\x45\x58", "FB_J236EX", kEntries025_0, 1 },
	{ 182, "", "\xe6\xb6\x88\xe6\xbb\x85", "FB_J236AB, FB_J236EX", kEntries025_0, 1 },
	{ 183, "", "\xe5\xb0\xbb\xe5\xb0\xbe", "", kEntries025_0, 1 },
	{ 206, "", "\xe7\x81\xab\xe6\x9f\xb1\xe9\xa2\xa8", "IW_AtkRect", kEntries025_2, 2 },
	{ 215, "", "\xe8\xb9\xb4\xe3\x82\x8a\xe4\xb8\x8a\xe3\x81\x92", "41236SP", kEntries025_0, 1 },
	{ 216, "", "\xe3\x83\x91\xe3\x83\xb3\xe3\x83\x81", "41236SP_Hit", nullptr, 0 },
	{ 217, "", "\xe3\x83\x91\xe3\x83\xb3\xe3\x83\x81\xe5\x9c\x9f\xe7\x85\x99", "41236SP_Hit", nullptr, 0 },
	{ 226, "", "\xe3\x80\x80\xe9\x96\x8b\xe5\xb9\x95\xe7\x85\x99", "IWEDoor", nullptr, 0 },
	{ 228, "", "\xe3\x80\x80\xe6\x89\x89\xe7\x82\x8e", "IWEDoor", nullptr, 0 },
	{ 229, "", "\xe3\x80\x80\xe6\x89\x89\xe3\x82\xaa\xe3\x83\xbc\xe3\x83\x97\xe3\x83\xb3\xe5\xbe\x8c\xe7\x85\x99", "IWEDoor", nullptr, 0 },
	{ 231, "", "\xe3\x82\xaa\xe3\x83\xbc\xe3\x82\xac\xe3\x83\x91\xe3\x83\xaf\xe3\x83\xbc\xe3\x82\xa2\xe3\x83\x83\xe3\x83\x97\x31", "", nullptr, 0 },
	{ 232, "", "\xe3\x82\xaa\xe3\x83\xbc\xe3\x82\xac\xe3\x83\x91\xe3\x83\xaf\xe3\x83\xbc\xe3\x82\xa2\xe3\x83\x83\xe3\x83\x97\x32", "", nullptr, 0 },
	{ 233, "", "\xe9\x96\x80\xe3\x81\x8b\xe3\x82\x89\xe5\x90\xb8\xe5\x8f\x8e", "", nullptr, 0 },
	{ 240, "", "\xe5\xa4\x89\xe8\xba\xab\xe3\x82\xa8\xe3\x83\x95\xe3\x82\xa7\xe3\x82\xaf\xe3\x83\x88", "", nullptr, 0 },
	{ 244, "", "\xe6\xbc\x94\xe5\x87\xba\xe4\xb8\xad\x42\x47", "IWEXIST_Hit", nullptr, 0 },
	{ 245, "", "\xe3\x82\xaa\xe3\x83\xbc\xe3\x82\xac\xe5\xa4\x89\xe8\xba\xab\x42\x47", "", nullptr, 0 },
	{ 398, "", "\xe3\x83\x80\xe3\x83\x83\xe3\x82\xb7\xe3\x83\xa5\x42\xe3\x82\xa8\xe3\x83\x95\xe3\x82\xa7\xe3\x82\xaf\xe3\x83\x88", "214A_AddB", kEntries025_0, 1 },
	{ 399, "", "\xe3\x83\x80\xe3\x83\x83\xe3\x82\xb7\xe3\x83\xa5\x43\xe3\x82\xa8\xe3\x83\x95\xe3\x82\xa7\xe3\x82\xaf\xe3\x83\x88", "214A_AddC", kEntries025_2, 2 },
	{ 426, "", "\xe3\x83\x91\xe3\x83\xb3\xe3\x83\x81\xe3\x82\xa8\xe3\x83\x95\xe3\x82\xa7\xe3\x82\xaf\xe3\x83\x88", "214A, 214B", kEntries025_4, 2 },
	{ 427, "", "\x45\x58\xe3\x83\x91\xe3\x83\xb3\xe3\x83\x81\xe3\x82\xa8\xe3\x83\x95\xe3\x82\xa7\xe3\x82\xaf\xe3\x83\x88", "214EX, 214EX_Hit", kEntries025_4, 2 },
	{ 436, "", "\xe3\x83\x9c\xe3\x83\x87\xe3\x82\xa3", "SSRelayAtk", kEntries025_2, 2 },
	{ 437, "", "\xe3\x83\x95\xe3\x83\x83\xe3\x82\xaf", "SSRelayAtk", kEntries025_0, 1 },
	{ 438, "", "\xe4\xb9\xb1\xe6\x89\x93", "SSRelayAtk", nullptr, 0 },
	{ 440, "", "\xe4\xb9\xb1\xe6\x89\x93", "SSRelayAtk", nullptr, 0 },
	{ 448, "", "\xe5\x9b\x9e\xe3\x81\x97\xe8\xb9\xb4\xe3\x82\x8a", "63214A_Hit, 63214B_Hit", kEntries025_2, 2 },
	{ 452, "", "\xe6\x8a\x95\xe3\x81\x92\xe3\x82\xb9\xe3\x82\xab\xe3\x83\x96\xe3\x83\xac\xe3\x83\xbc\xe3\x83\x89", "63214EX_Hit, 63214A, 63214B, 63214EX", kEntries025_0, 1 },
	{ 453, "", "\xe6\x8a\x95\xe3\x81\x92\xe7\x82\x8e", "63214A_Hit, 63214B_Hit", kEntries025_0, 1 },
	{ 454, "", "\xe6\x8c\x87\xe3\x83\x91\xe3\x83\x83\xe3\x83\x81\xe3\x83\xb3", "63214EX_Hit, 0202A, 0202B", kEntries025_0, 1 },
	{ 465, "", "\xe3\x83\x9e\xe3\x82\xa4\xe3\x83\xb3\xe8\xa8\xad\xe7\xbd\xae\xe6\x99\x82\xe3\x82\xa8\xe3\x83\x95\xe3\x82\xa7\xe3\x82\xaf\xe3\x83\x88", "CaptureBomb", nullptr, 0 },
	{ 466, "", "\xe3\x83\x9e\xe3\x82\xa4\xe3\x83\xb3\xe7\x88\x86\xe7\x99\xba\xe8\xa6\x8b\xe3\x81\x9f\xe7\x9b\xae", "CaptureBomb", nullptr, 0 },
	{ 467, "", "\xe6\x8a\x95\xe3\x81\x92\xe7\x88\x86\xe7\x99\xba\xe8\xa6\x8b\xe3\x81\x9f\xe7\x9b\xae", "CommandThrowBomb", nullptr, 0 },
	{ 468, "", "\x45\x58\xe6\x8a\x95\xe3\x81\x92\xe7\x88\x86\xe7\x99\xba\xe8\xa6\x8b\xe3\x81\x9f\xe7\x9b\xae", "CommandThrowBombEX", nullptr, 0 },
	{ 480, "", "\xe3\x82\xb8\xe3\x83\xa3\xe3\x83\xb3\xe3\x83\x97", "623A, 623B, 623EX", kEntries025_5, 1 },
	{ 481, "", "\xe8\xb9\xb4\xe3\x82\x8a\x31", "623A, 623B", kEntries025_6, 4 },
	{ 482, "", "\xe8\xb9\xb4\xe3\x82\x8a\x32", "623A, 623B", kEntries025_0, 1 },
	{ 483, "", "\xe8\x86\x9d\xe8\xb9\xb4\xe3\x82\x8a\xe3\x82\xa8\xe3\x83\x95\xe3\x82\xa7\xe3\x82\xaf\xe3\x83\x88\x41", "623A", nullptr, 0 },
	{ 484, "", "\xe8\x86\x9d\xe8\xb9\xb4\xe3\x82\x8a\xe3\x82\xa8\xe3\x83\x95\xe3\x82\xa7\xe3\x82\xaf\xe3\x83\x88\x42", "623B", nullptr, 0 },
	{ 485, "", "\xe8\x86\x9d\xe8\xb9\xb4\xe3\x82\x8a\xe3\x82\xa8\xe3\x83\x95\xe3\x82\xa7\xe3\x82\xaf\xe3\x83\x88\x45\x58", "623EX", nullptr, 0 },
	{ 486, "", "\x45\x58\xe8\xb9\xb4\xe3\x82\x8a\x31", "623EX", kEntries025_6, 4 },
	{ 487, "", "\x45\x58\xe8\xb9\xb4\xe3\x82\x8a\x32", "623EX", kEntries025_0, 1 },
	{ 506, "", "\xe7\x81\xab\xe6\x9f\xb1\xe9\xa2\xa8", "020202EX", kEntries025_2, 2 },
	{ 520, "", "\xe3\x83\x96\xe3\x83\xac\xe3\x83\xbc\xe3\x83\x89\x31", "236A, 236B, 236EX_Hit", kEntries025_2, 2 },
	{ 521, "", "\xe3\x83\x96\xe3\x83\xac\xe3\x83\xbc\xe3\x83\x89\x32", "236A, 236B, 236B_Add, 236EX_Hit", kEntries025_0, 1 },
	{ 522, "", "\xe3\x83\x96\xe3\x83\xac\xe3\x83\xbc\xe3\x83\x89\x33", "236A_Add, 236B_Add, 236EX_Hit", nullptr, 0 },
	{ 523, "", "\xe3\x83\x96\xe3\x83\xac\xe3\x83\xbc\xe3\x83\x89\x34", "236A_Add, 236B_Add", kEntries025_0, 1 },
	{ 524, "", "\xe3\x83\x96\xe3\x83\xac\xe3\x83\xbc\xe3\x83\x89\x35", "236EX_Hit", nullptr, 0 },
	{ 525, "", "\xe3\x83\x96\xe3\x83\xac\xe3\x83\xbc\xe3\x83\x89\x36\xe3\x83\x95\xe3\x82\xa3\xe3\x83\x8b\xe3\x83\x83\xe3\x82\xb7\xe3\x83\xa5", "236EX_Hit", kEntries025_0, 1 },
	{ 527, "", "\xe3\x83\x96\xe3\x83\xac\xe3\x83\xbc\xe3\x83\x89\x45\x58", "236EX", kEntries025_0, 1 },
};

const unsigned char kEntries026_0[] = { 249 };
const unsigned char kEntries026_1[] = { 249, 250 };
const unsigned char kEntries026_2[] = { 250 };
const unsigned char kEntries026_3[] = { 250, 252 };
const unsigned char kEntries026_4[] = { 249, 253 };
const unsigned char kEntries026_5[] = { 254 };
const unsigned char kEntries026_6[] = { 250, 254 };
const unsigned char kEntries026_7[] = { 248, 249 };
const unsigned char kEntries026_8[] = { 250, 252, 254 };
const unsigned char kEntries026_9[] = { 249, 250, 252 };
const unsigned char kEntries026_10[] = { 252 };

const Row kEffects026[] = {
	{ 54, "", "\xe3\x80\x80\xe3\x83\xa9\xe3\x82\xa6\xe3\x83\xb3\xe3\x83\x89\xe5\x8b\x9d\xe5\x88\xa9\xe3\x82\xa8\xe3\x83\xac\xe3\x83\x95\xe3\x82\xa3", "", nullptr, 0 },
	{ 101, "", "A", "", kEntries026_0, 1 },
	{ 102, "", "B", "", kEntries026_1, 2 },
	{ 103, "", "C", "StdC_End", kEntries026_1, 2 },
	{ 104, "", "2A", "", kEntries026_1, 2 },
	{ 105, "", "2B", "", kEntries026_2, 1 },
	{ 106, "", "2C", "", kEntries026_1, 2 },
	{ 107, "", "JA", "", kEntries026_0, 1 },
	{ 108, "", "JB", "AirB_End", nullptr, 0 },
	{ 109, "", "JC", "AirC_End", kEntries026_1, 2 },
	{ 110, "", "J[C]", "SSRelayAtk", kEntries026_1, 2 },
	{ 111, "", "[C]", "SSRelayAtk", kEntries026_1, 2 },
	{ 112, "", "J[B]", "", nullptr, 0 },
	{ 118, "", "\xe9\x80\x9a\xe5\xb8\xb8\xe6\x8a\x95\xe3\x81\x92\xe5\x90\xb9\xe3\x81\x8d\xe9\xa3\x9b\xe3\x81\xb0\xe3\x81\x97", "", nullptr, 0 },
	{ 119, "", "\xe9\x80\x9a\xe5\xb8\xb8\xe6\x8a\x95\xe3\x81\x92\xe3\x81\xa4\xe3\x81\x8b\xe3\x81\xbf", "", kEntries026_3, 2 },
	{ 120, "", "\xe6\xb1\x8e\xe7\x94\xa8\xe6\xb0\xb4\xe3\x83\x80\xe3\x83\x83\xe3\x82\xb7\xe3\x83\xa5\xe6\xb3\xa2\xe7\xb4\x8b", "ForwardShift, JB+C, V_JB+C, 2+B+C, 236_Add_AddA, 236_Add_AddB, 236_Add_AddC", kEntries026_4, 2 },
	{ 129, "", "\xe3\x80\x80\xe4\xb8\x8a\xe4\xb8\x8b\xe3\x81\xab\xe6\x8f\xba\xe3\x82\x8c\xe3\x82\x8b\xe3\x83\x80\xe3\x83\x9f\xe3\x83\xbc", "", nullptr, 0 },
	{ 144, "", "3C", "3C", nullptr, 0 },
	{ 151, "", "BB", "B_B", kEntries026_5, 1 },
	{ 155, "", "\xe6\x94\xbb\xe6\x92\x83\xe3\x82\xa8\xe3\x83\x95\xe3\x82\xa7\xe3\x82\xaf\xe3\x83\x88", "B_B_B, C_C", nullptr, 0 },
	{ 172, "", "E236A", "236A, 236B_End", kEntries026_1, 2 },
	{ 173, "", "\xe3\x80\x80\xe9\xa3\x9b\xe3\x81\xb3\xe9\x81\x93\xe5\x85\xb7\xe9\xa3\x9b\xe6\xb2\xab", "236B, FB_236B, FB_236EX1, FB_236EX2", nullptr, 0 },
	{ 177, "", "\x45\x32\x33\x36\xe8\xbf\xbd\xe5\x8a\xa0", "236A_Add, 236B_Add, 236B_Add_End", kEntries026_1, 2 },
	{ 196, "", "\xe6\xb3\xa1\xe3\x83\x92\xe3\x83\x83\xe3\x83\x88\xe8\xa6\x8b\xe3\x81\x9f\xe7\x9b\xae", "AO_214A_Hit, AO_214B_Hit", nullptr, 0 },
	{ 197, "", "\xe6\xb3\xa1\xe3\x83\x92\xe3\x83\x83\xe3\x83\x88\xe8\xa6\x8b\xe3\x81\x9f\xe7\x9b\xae\xe5\xa4\xa7", "AO_63214EX_Hit", nullptr, 0 },
	{ 205, "", "\xe3\x80\x80\xe5\x87\xba\xe7\x8f\xbe\xe3\x82\xa8\xe3\x83\x95\xe3\x82\xa7\xe3\x82\xaf\xe3\x83\x88", "BubbleKofeeA, BubbleKofeeB, BubbleKofeeEX", kEntries026_1, 2 },
	{ 207, "", "\xe3\x82\xb7\xe3\x83\xa3\xe3\x83\x9c\xe3\x83\xb3\xe7\x8e\x89\xe8\xb3\x91\xe3\x82\x84\xe3\x81\x8b\xe3\x81\x97", "FB_63214EX", kEntries026_0, 1 },
	{ 208, "", "\xe3\x82\xb7\xe3\x83\xa3\xe3\x83\x9c\xe3\x83\xb3\xe7\x8e\x89\xe8\xa6\x8b\xe3\x81\x9f\xe7\x9b\xae", "FB_63214EX", nullptr, 0 },
	{ 218, "", "\xe7\x9d\x80\xe6\xb0\xb4", "AO_0202A, AO_0202B, AO_0202EX", nullptr, 0 },
	{ 219, "", "\xe9\xa3\x9b\xe3\x81\xb3\xe5\x87\xba\xe3\x81\x99", "AO_0202A, AO_0202B, AO_0202EX", nullptr, 0 },
	{ 220, "", "\xe3\x83\x89\xe3\x83\xaa\xe3\x83\xab\xe3\x82\xa8\xe3\x83\x95\xe3\x82\xa7\xe3\x82\xaf\xe3\x83\x88", "AO_0202A, AO_0202B, AO_0202EX", nullptr, 0 },
	{ 226, "", "\xe3\x80\x80\xe9\xad\x9a\xe7\xaa\x81\xe9\x80\xb2\xe3\x82\xa8\xe3\x83\x95\xe3\x82\xa7\xe3\x82\xaf\xe3\x83\x88", "dummy_22ele", nullptr, 0 },
	{ 244, "", "\xe6\x89\x93\xe3\x81\xa1\xe4\xb8\x8a\xe3\x81\x92", "J236A, J236B, J236EX", nullptr, 0 },
	{ 245, "", "\xe5\x9b\x9e\xe8\xbb\xa2\xe3\x83\x96\xe3\x83\xac\xe3\x83\xbc\xe3\x83\x89", "J236A, J236B, J236EX", nullptr, 0 },
	{ 246, "", "\xe5\x9b\x9e\xe8\xbb\xa2\xe3\x83\x96\xe3\x83\xac\xe3\x83\xbc\xe3\x83\x89\xe6\x8a\x9c\xe3\x81\x91", "J236A, J236B, J236EX", nullptr, 0 },
	{ 247, "", "\xe7\x9d\x80\xe5\x9c\xb0\xe8\xa1\x9d\xe6\x92\x83\xe6\xb3\xa2", "J236A, J236B, J236EX", kEntries026_2, 1 },
	{ 273, "", "\xe5\x89\xb2\xe3\x82\x8c\xe3\x82\x8b", "BubbleBall, BubbleBallEX", nullptr, 0 },
	{ 274, "", "\xe6\x94\xbb\xe6\x92\x83\xe3\x81\xa7\xe8\xb7\xb3\xe3\x81\xad\xe3\x82\x8b", "BubbleBall", nullptr, 0 },
	{ 275, "", "\xe6\x94\xbb\xe6\x92\x83\xe3\x81\xa7\xe8\xb7\xb3\xe3\x81\xad\xe3\x82\x8b\x45\x58", "BubbleBallEX", nullptr, 0 },
	{ 276, "", "\xe3\x82\xac\xe3\x83\xbc\xe3\x83\x89\xe3\x81\xa7\xe9\xab\x98\xe3\x81\x8f\xe8\xb7\xb3\xe3\x81\xad\xe3\x82\x8b\x45\x58", "BubbleBall, BubbleBallEX", nullptr, 0 },
	{ 406, "", "66B", "", kEntries026_1, 2 },
	{ 407, "", "\xe3\x80\x80\xe3\x80\x80\x36\x36\x43\xe7\xa7\xbb\xe5\x8b\x95", "", kEntries026_1, 2 },
	{ 408, "", "\x36\x36\x43\xe3\x83\xa1\xe3\x82\xa4\xe3\x83\xb3", "", nullptr, 0 },
	{ 409, "", "\x36\x36\x43\xe6\x8a\x9c\xe3\x81\x91", "", kEntries026_2, 1 },
	{ 410, "", "\xe3\x80\x80\xe6\xb3\xa2", "", nullptr, 0 },
	{ 411, "", "\xe3\x80\x80\xe6\xb3\xa2", "", nullptr, 0 },
	{ 430, "", "\xe6\x9c\xac\xe4\xbd\x93\xe3\x83\x96\xe3\x83\xac\xe3\x83\xbc\xe3\x83\x89", "41236SP", kEntries026_0, 1 },
	{ 434, "", "\xe6\xb0\xb4\xe6\xb5\x81\xe8\xa6\x8b\xe3\x81\x9f\xe7\x9b\xae\x31", "IW_AtkRect", kEntries026_6, 2 },
	{ 435, "", "\xe6\xb0\xb4\xe6\xb5\x81\xe8\xa6\x8b\xe3\x81\x9f\xe7\x9b\xae\x32", "IW_AtkRect", kEntries026_1, 2 },
	{ 436, "", "\xe6\xb0\xb4\xe6\xb5\x81\xe8\xa6\x8b\xe3\x81\x9f\xe7\x9b\xae\x33", "IW_AtkRect", kEntries026_0, 1 },
	{ 443, "", "\xe3\x82\xa4\xe3\x82\xba\xe3\x83\x9f\xe3\x82\xa2\xe3\x83\x8b\xe3\x83\xa1\x31", "IWEXIST_Hit", nullptr, 0 },
	{ 444, "", "\xe3\x82\xa4\xe3\x82\xba\xe3\x83\x9f\xe3\x82\xa2\xe3\x83\x8b\xe3\x83\xa1\x32", "", nullptr, 0 },
	{ 446, "", "\xe9\x96\x8b\xe5\xa7\x8b\xe6\xb4\xa5\xe6\xb3\xa2", "IWEXIST_Hit", kEntries026_0, 1 },
	{ 447, "", "\xe9\x96\x8b\xe5\xa7\x8b\xe6\xb4\xa5\xe6\xb3\xa2\xe6\x8a\x9c\xe3\x81\x91", "", kEntries026_0, 1 },
	{ 450, "", "\xe3\x80\x80\xe6\xb3\xa1\x41", "", kEntries026_7, 2 },
	{ 451, "", "\xe3\x80\x80\xe6\xb3\xa1\x42", "", kEntries026_7, 2 },
	{ 452, "", "\xe3\x80\x80\xe6\xb3\xa1\x43", "", kEntries026_1, 2 },
	{ 468, "", "\xe3\x80\x80\xe3\x82\xa8\xe3\x83\xac\xe3\x83\x95\xe3\x82\xa3\xe7\xaa\x81\xe9\x80\xb2\xe6\xb0\xb4\xe6\xb5\x81", "IWE_FinishFish", kEntries026_8, 3 },
	{ 469, "", "\xe3\x80\x80\xe3\x83\x95\xe3\x82\xa3\xe3\x83\x8b\xe3\x83\x83\xe3\x82\xb7\xe3\x83\xa5\xe3\x83\x95\xe3\x83\xa9\xe3\x83\x83\xe3\x82\xb7\xe3\x83\xa5", "IWE_FinishFish", kEntries026_0, 1 },
	{ 471, "", "\xe7\x94\xbb\xe9\x9d\xa2\xe3\x82\x92\xe3\x82\x82\xe3\x81\xa8\xe3\x81\xab\xe6\x88\xbb\xe3\x81\x99\xe3\x81\x9f\xe3\x82\x81\xe3\x81\xae\xe6\xb3\xa2\xe3\x82\xa2\xe3\x83\x8b\xe3\x83\xa1", "", kEntries026_9, 3 },
	{ 475, "", "\xe6\x89\x8b\xe5\x89\x8d\xe9\x9d\x92\xe3\x82\xb9\xe3\x82\xaf\xe3\x83\xaa\xe3\x83\xbc\xe3\x83\xb3", "", kEntries026_10, 1 },
	{ 491, "", "BC", "B+C", kEntries026_1, 2 },
	{ 519, "", "\xe7\xa7\xbb\xe5\x8b\x95\xe9\x96\x8b\xe5\xa7\x8b\xe3\x80\x80\xe9\xad\x9a", "ForwardShift, JB+C, V_JB+C, 2+B+C, 236_Add_AddA, 236_Add_AddB, 236_Add_AddC, FFDash_AddB, FFDash_AddC", kEntries026_1, 2 },
	{ 520, "", "\xe5\x81\x9c\xe6\xad\xa2\xe6\xb0\xb4", "236_Add_AddA, 236_Add_AddB, 236_Add_AddC, FFDash_AddA", kEntries026_1, 2 },
	{ 521, "", "\xe7\xa7\xbb\xe5\x8b\x95\xe4\xb8\xad\xe6\x9c\xac\xe4\xbd\x93", "ForwardShift", kEntries026_1, 2 },
	{ 522, "", "\xe6\xb0\xb4\xe6\xb3\xb3", "FFDash_AddB", kEntries026_1, 2 },
	{ 523, "", "\xe5\x86\x86", "FFDash_AddC", kEntries026_9, 3 },
	{ 905, "", "\xe7\x99\xbb\xe5\xa0\xb4\xe3\x83\xab\xe3\x83\xbc\xe3\x83\x97\xe3\x82\xa8\xe3\x83\xac\xe3\x83\x95\xe3\x82\xa3\xe3\x83\xbc", "", nullptr, 0 },
	{ 911, "EleWin", "\xe3\x80\x80\xe5\x8b\x9d\xe5\x88\xa9\xe3\x82\xa8\xe3\x83\xac\xe3\x83\x95\xe3\x82\xa3", "", nullptr, 0 },
};

struct Chara
{
	int number;
	const Row* effects;
	int count;
};

const Chara kCharas[] = {
	{ 0, kEffects000, 60 },
	{ 1, kEffects001, 63 },
	{ 2, kEffects002, 41 },
	{ 3, kEffects003, 45 },
	{ 4, kEffects004, 46 },
	{ 5, kEffects005, 55 },
	{ 6, kEffects006, 26 },
	{ 7, kEffects007, 26 },
	{ 8, kEffects008, 43 },
	{ 9, kEffects009, 57 },
	{ 10, kEffects010, 53 },
	{ 11, kEffects011, 33 },
	{ 12, kEffects012, 49 },
	{ 13, kEffects013, 25 },
	{ 14, kEffects014, 41 },
	{ 15, kEffects015, 38 },
	{ 16, kEffects016, 71 },
	{ 17, kEffects017, 80 },
	{ 18, kEffects018, 58 },
	{ 19, kEffects019, 67 },
	{ 20, kEffects020, 44 },
	{ 21, kEffects021, 49 },
	{ 22, kEffects022, 62 },
	{ 23, kEffects023, 72 },
	{ 24, kEffects024, 23 },
	{ 25, kEffects025, 74 },
	{ 26, kEffects026, 69 },
};

const Chara* FindChara(int chara)
{
	for (const Chara& entry : kCharas)
	{
		if (entry.number == chara)
			return &entry;
	}

	return nullptr;
}

}

int EffectTable::GetCount(int chara)
{
	const Chara* const found = FindChara(chara);
	return found != nullptr ? found->count : 0;
}

bool EffectTable::Get(int chara, int index, EffectTable::Effect& out)
{
	const Chara* const found = FindChara(chara);
	if (found == nullptr || index < 0 || index >= found->count)
		return false;

	out.pattern = found->effects[index].pattern;
	out.code = found->effects[index].code;
	out.name = found->effects[index].name;
	out.spawnedBy = found->effects[index].spawnedBy;
	out.entries = found->effects[index].entries;
	out.count = found->effects[index].count;
	return true;
}

int EffectTable::CountUsing(int chara, int entry)
{
	const Chara* const found = FindChara(chara);
	if (found == nullptr)
		return 0;

	int using_ = 0;

	for (int i = 0; i < found->count; ++i)
	{
		for (int e = 0; e < found->effects[i].count; ++e)
		{
			if (found->effects[i].entries[e] == entry)
			{
				++using_;
				break;
			}
		}
	}

	return using_;
}
